source;target;message;trackingID;unknown
atm-terminal;terminal-proxy;authenticationRequest;id-1626254316077;1626254316077
terminal-proxy;bank-service;authenticationRequest;id-1626254316077;1626254316605
bank-service;auth-server;autenticationRequest;id-1626254316077;1626254316764
atm-terminal;terminal-proxy;checkBalance;id-1626254323432;1626254323432
terminal-proxy;bank-service;checkBalance;id-1626254323432;1626254323437
bank-service;balance-service;checkBalance;id-1626254323432;1626254323441
atm-terminal;terminal-proxy;depositRequest;id-1626254327533;1626254327533
terminal-proxy;bank-service;depositRequest;id-1626254327533;1626254327537
bank-service;balance-service;depositRequest;id-1626254327533;1626254327540
atm-terminal;terminal-proxy;checkBalance;id-1626254328389;1626254328389
terminal-proxy;bank-service;checkBalance;id-1626254328389;1626254328393
bank-service;balance-service;checkBalance;id-1626254328389;1626254328396
atm-terminal;terminal-proxy;depositRequest;id-1626254330243;1626254330243
terminal-proxy;bank-service;depositRequest;id-1626254330243;1626254330252
bank-service;balance-service;depositRequest;id-1626254330243;1626254330255
atm-terminal;terminal-proxy;depositRequest;id-1626254331574;1626254331574
terminal-proxy;bank-service;depositRequest;id-1626254331574;1626254331579
bank-service;balance-service;depositRequest;id-1626254331574;1626254331581
atm-terminal;terminal-proxy;depositRequest;id-1626254332541;1626254332541
terminal-proxy;bank-service;depositRequest;id-1626254332541;1626254332546
bank-service;balance-service;depositRequest;id-1626254332541;1626254332548
atm-terminal;terminal-proxy;depositRequest;id-1626254333540;1626254333540
terminal-proxy;bank-service;depositRequest;id-1626254333540;1626254333545
bank-service;balance-service;depositRequest;id-1626254333540;1626254333548
atm-terminal;terminal-proxy;withdrawalRequest;id-1626254334381;1626254334381
terminal-proxy;bank-service;withdrawalRequest;id-1626254334381;1626254334386
bank-service;balance-service;withdrawalRequest;id-1626254334381;1626254334389
atm-terminal;terminal-proxy;withdrawalRequest;id-1626254335254;1626254335254
terminal-proxy;bank-service;withdrawalRequest;id-1626254335254;1626254335258
bank-service;balance-service;withdrawalRequest;id-1626254335254;1626254335261
atm-terminal;terminal-proxy;withdrawalRequest;id-1626254336077;1626254336077
terminal-proxy;bank-service;withdrawalRequest;id-1626254336077;1626254336082
bank-service;balance-service;withdrawalRequest;id-1626254336077;1626254336085
atm-terminal;terminal-proxy;withdrawalRequest;id-1626254337144;1626254337144
terminal-proxy;bank-service;withdrawalRequest;id-1626254337144;1626254337148
bank-service;balance-service;withdrawalRequest;id-1626254337144;1626254337149
atm-terminal;terminal-proxy;withdrawalRequest;id-1626254338348;1626254338348
terminal-proxy;bank-service;withdrawalRequest;id-1626254338348;1626254338354
bank-service;balance-service;withdrawalRequest;id-1626254338348;1626254338356
atm-terminal;terminal-proxy;withdrawalRequest;id-1626254339273;1626254339273
terminal-proxy;bank-service;withdrawalRequest;id-1626254339273;1626254339277
bank-service;balance-service;withdrawalRequest;id-1626254339273;1626254339280
atm-terminal;terminal-proxy;withdrawalRequest;id-1626254340209;1626254340209
terminal-proxy;bank-service;withdrawalRequest;id-1626254340209;1626254340214
bank-service;balance-service;withdrawalRequest;id-1626254340209;1626254340216
atm-terminal;terminal-proxy;checkBalance;id-1626254340967;1626254340967
terminal-proxy;bank-service;checkBalance;id-1626254340967;1626254340972
bank-service;balance-service;checkBalance;id-1626254340967;1626254340974
atm-terminal;terminal-proxy;withdrawalRequest;id-1626254342409;1626254342409
terminal-proxy;bank-service;withdrawalRequest;id-1626254342409;1626254342413
bank-service;balance-service;withdrawalRequest;id-1626254342409;1626254342415
atm-terminal;terminal-proxy;withdrawalRequest;id-1626254343279;1626254343279
terminal-proxy;bank-service;withdrawalRequest;id-1626254343279;1626254343283
bank-service;balance-service;withdrawalRequest;id-1626254343279;1626254343285
atm-terminal;terminal-proxy;withdrawalRequest;id-1626254344250;1626254344250
terminal-proxy;bank-service;withdrawalRequest;id-1626254344250;1626254344253
bank-service;balance-service;withdrawalRequest;id-1626254344250;1626254344256
atm-terminal;terminal-proxy;withdrawalRequest;id-1626254345381;1626254345381
terminal-proxy;bank-service;withdrawalRequest;id-1626254345381;1626254345385
bank-service;balance-service;withdrawalRequest;id-1626254345381;1626254345387
atm-terminal;terminal-proxy;withdrawalRequest;id-1626254346438;1626254346438
terminal-proxy;bank-service;withdrawalRequest;id-1626254346438;1626254346442
bank-service;balance-service;withdrawalRequest;id-1626254346438;1626254346445
atm-terminal;terminal-proxy;checkBalance;id-1626254348181;1626254348181
terminal-proxy;bank-service;checkBalance;id-1626254348181;1626254348185
bank-service;balance-service;checkBalance;id-1626254348181;1626254348187
atm-terminal;terminal-proxy;printReceipt;id-1626254349614;1626254349614
terminal-proxy;bank-service;printReceipt;id-1626254349614;1626254349617
atm-terminal;terminal-proxy;printReceipt;id-1626254350817;1626254350817
terminal-proxy;bank-service;printReceipt;id-1626254350817;1626254350821
atm-terminal;terminal-proxy;printReceipt;id-1626254351830;1626254351830
terminal-proxy;bank-service;printReceipt;id-1626254351830;1626254351833
atm-terminal;terminal-proxy;printReceipt;id-1626254352577;1626254352577
terminal-proxy;bank-service;printReceipt;id-1626254352577;1626254352581
atm-terminal;terminal-proxy;printReceipt;id-1626254353166;1626254353166
terminal-proxy;bank-service;printReceipt;id-1626254353166;1626254353169
atm-terminal;terminal-proxy;printReceipt;id-1626254353824;1626254353824
terminal-proxy;bank-service;printReceipt;id-1626254353824;1626254353827
atm-terminal;terminal-proxy;authenticationRequest;id-1626254355018;1626254355018
terminal-proxy;bank-service;authenticationRequest;id-1626254355018;1626254355021
bank-service;auth-server;autenticationRequest;id-1626254355018;1626254355024
atm-terminal;terminal-proxy;authenticationRequest;id-1626254356502;1626254356502
terminal-proxy;bank-service;authenticationRequest;id-1626254356502;1626254356506
bank-service;auth-server;autenticationRequest;id-1626254356502;1626254356508
atm-terminal;terminal-proxy;authenticationRequest;id-1626254357462;1626254357462
terminal-proxy;bank-service;authenticationRequest;id-1626254357462;1626254357466
bank-service;auth-server;autenticationRequest;id-1626254357462;1626254357469
atm-terminal;terminal-proxy;withdrawalRequest;id-1626254358860;1626254358860
terminal-proxy;bank-service;withdrawalRequest;id-1626254358860;1626254358863
bank-service;balance-service;withdrawalRequest;id-1626254358860;1626254358865
atm-terminal;terminal-proxy;depositRequest;id-1626254360524;1626254360524
terminal-proxy;bank-service;depositRequest;id-1626254360524;1626254360527
bank-service;balance-service;depositRequest;id-1626254360524;1626254360529
atm-terminal;terminal-proxy;withdrawalRequest;id-1626254361540;1626254361540
terminal-proxy;bank-service;withdrawalRequest;id-1626254361540;1626254361544
bank-service;balance-service;withdrawalRequest;id-1626254361540;1626254361546
atm-terminal;terminal-proxy;checkBalance;id-1626254362127;1626254362127
terminal-proxy;bank-service;checkBalance;id-1626254362127;1626254362130
bank-service;balance-service;checkBalance;id-1626254362127;1626254362132
atm-terminal;terminal-proxy;authenticationRequest;id-1626254363713;1626254363713
terminal-proxy;bank-service;authenticationRequest;id-1626254363713;1626254363717
bank-service;auth-server;autenticationRequest;id-1626254363713;1626254363719
atm-terminal;terminal-proxy;printReceipt;id-1626254364436;1626254364436
terminal-proxy;bank-service;printReceipt;id-1626254364436;1626254364439
atm-terminal;terminal-proxy;authenticationRequest;id-1626254365559;1626254365559
terminal-proxy;bank-service;authenticationRequest;id-1626254365559;1626254365563
bank-service;auth-server;autenticationRequest;id-1626254365559;1626254365565
atm-terminal;terminal-proxy;depositRequest;id-1626254366719;1626254366719
terminal-proxy;bank-service;depositRequest;id-1626254366719;1626254366723
bank-service;balance-service;depositRequest;id-1626254366719;1626254366725
atm-terminal;terminal-proxy;depositRequest;id-1626254368320;1626254368320
terminal-proxy;bank-service;depositRequest;id-1626254368320;1626254368323
bank-service;balance-service;depositRequest;id-1626254368320;1626254368325
atm-terminal;terminal-proxy;depositRequest;id-1626254369586;1626254369586
terminal-proxy;bank-service;depositRequest;id-1626254369586;1626254369589
bank-service;balance-service;depositRequest;id-1626254369586;1626254369591
atm-terminal;terminal-proxy;authenticationRequest;id-1626254370552;1626254370552
terminal-proxy;bank-service;authenticationRequest;id-1626254370552;1626254370555
bank-service;auth-server;autenticationRequest;id-1626254370552;1626254370557
atm-terminal;terminal-proxy;checkBalance;id-1626254371122;1626254371122
terminal-proxy;bank-service;checkBalance;id-1626254371122;1626254371125
bank-service;balance-service;checkBalance;id-1626254371122;1626254371127
atm-terminal;terminal-proxy;printReceipt;id-1626254371870;1626254371870
terminal-proxy;bank-service;printReceipt;id-1626254371870;1626254371874
atm-terminal;terminal-proxy;authenticationRequest;id-1626254373055;1626254373055
terminal-proxy;bank-service;authenticationRequest;id-1626254373055;1626254373059
bank-service;auth-server;autenticationRequest;id-1626254373055;1626254373061
atm-terminal;terminal-proxy;checkBalance;id-1626254373487;1626254373487
terminal-proxy;bank-service;checkBalance;id-1626254373487;1626254373490
bank-service;balance-service;checkBalance;id-1626254373487;1626254373492
atm-terminal;terminal-proxy;depositRequest;id-1626254375195;1626254375195
terminal-proxy;bank-service;depositRequest;id-1626254375195;1626254375198
bank-service;balance-service;depositRequest;id-1626254375195;1626254375200
atm-terminal;terminal-proxy;withdrawalRequest;id-1626254376066;1626254376066
terminal-proxy;bank-service;withdrawalRequest;id-1626254376066;1626254376077
bank-service;balance-service;withdrawalRequest;id-1626254376066;1626254376079
atm-terminal;terminal-proxy;checkBalance;id-1626254377021;1626254377021
terminal-proxy;bank-service;checkBalance;id-1626254377021;1626254377024
bank-service;balance-service;checkBalance;id-1626254377021;1626254377026
atm-terminal;terminal-proxy;printReceipt;id-1626254377434;1626254377434
terminal-proxy;bank-service;printReceipt;id-1626254377434;1626254377438
atm-terminal;terminal-proxy;authenticationRequest;id-1626254378432;1626254378432
terminal-proxy;bank-service;authenticationRequest;id-1626254378432;1626254378436
bank-service;auth-server;autenticationRequest;id-1626254378432;1626254378438
atm-terminal;terminal-proxy;printReceipt;id-1626254380103;1626254380103
terminal-proxy;bank-service;printReceipt;id-1626254380103;1626254380106
atm-terminal;terminal-proxy;authenticationRequest;id-1626254381558;1626254381558
terminal-proxy;bank-service;authenticationRequest;id-1626254381558;1626254381562
bank-service;auth-server;autenticationRequest;id-1626254381558;1626254381564
atm-terminal;terminal-proxy;depositRequest;id-1626254383237;1626254383237
terminal-proxy;bank-service;depositRequest;id-1626254383237;1626254383241
bank-service;balance-service;depositRequest;id-1626254383237;1626254383243
atm-terminal;terminal-proxy;checkBalance;id-1626254383680;1626254383680
terminal-proxy;bank-service;checkBalance;id-1626254383680;1626254383684
bank-service;balance-service;checkBalance;id-1626254383680;1626254383685
atm-terminal;terminal-proxy;authenticationRequest;id-1626254386453;1626254386453
terminal-proxy;bank-service;authenticationRequest;id-1626254386453;1626254386457
bank-service;auth-server;autenticationRequest;id-1626254386453;1626254386459
atm-terminal;terminal-proxy;depositRequest;id-1626254387382;1626254387382
terminal-proxy;bank-service;depositRequest;id-1626254387382;1626254387385
bank-service;balance-service;depositRequest;id-1626254387382;1626254387388
atm-terminal;terminal-proxy;checkBalance;id-1626254387867;1626254387867
terminal-proxy;bank-service;checkBalance;id-1626254387867;1626254387870
bank-service;balance-service;checkBalance;id-1626254387867;1626254387872
atm-terminal;terminal-proxy;printReceipt;id-1626254389143;1626254389143
terminal-proxy;bank-service;printReceipt;id-1626254389143;1626254389147
atm-terminal;terminal-proxy;depositRequest;id-1626254391530;1626254391530
terminal-proxy;bank-service;depositRequest;id-1626254391530;1626254391533
bank-service;balance-service;depositRequest;id-1626254391530;1626254391535
atm-terminal;terminal-proxy;withdrawalRequest;id-1626254392655;1626254392655
terminal-proxy;bank-service;withdrawalRequest;id-1626254392655;1626254392659
bank-service;balance-service;withdrawalRequest;id-1626254392655;1626254392661
atm-terminal;terminal-proxy;withdrawalRequest;id-1626254393713;1626254393713
terminal-proxy;bank-service;withdrawalRequest;id-1626254393713;1626254393716
bank-service;balance-service;withdrawalRequest;id-1626254393713;1626254393718
atm-terminal;terminal-proxy;withdrawalRequest;id-1626254395028;1626254395028
terminal-proxy;bank-service;withdrawalRequest;id-1626254395028;1626254395033
bank-service;balance-service;withdrawalRequest;id-1626254395028;1626254395036
atm-terminal;terminal-proxy;depositRequest;id-1626254396550;1626254396550
terminal-proxy;bank-service;depositRequest;id-1626254396550;1626254396553
bank-service;balance-service;depositRequest;id-1626254396550;1626254396555
atm-terminal;terminal-proxy;authenticationRequest;id-1626254398151;1626254398151
terminal-proxy;bank-service;authenticationRequest;id-1626254398151;1626254398154
bank-service;auth-server;autenticationRequest;id-1626254398151;1626254398156
atm-terminal;terminal-proxy;checkBalance;id-1626254398606;1626254398606
terminal-proxy;bank-service;checkBalance;id-1626254398606;1626254398609
bank-service;balance-service;checkBalance;id-1626254398606;1626254398611
atm-terminal;terminal-proxy;depositRequest;id-1626254400253;1626254400253
terminal-proxy;bank-service;depositRequest;id-1626254400253;1626254400256
bank-service;balance-service;depositRequest;id-1626254400253;1626254400258
atm-terminal;terminal-proxy;authenticationRequest;id-1626254401339;1626254401339
terminal-proxy;bank-service;authenticationRequest;id-1626254401339;1626254401343
bank-service;auth-server;autenticationRequest;id-1626254401339;1626254401344
atm-terminal;terminal-proxy;withdrawalRequest;id-1626254402677;1626254402677
terminal-proxy;bank-service;withdrawalRequest;id-1626254402677;1626254402680
bank-service;balance-service;withdrawalRequest;id-1626254402677;1626254402682
atm-terminal;terminal-proxy;authenticationRequest;id-1626254403653;1626254403653
terminal-proxy;bank-service;authenticationRequest;id-1626254403653;1626254403657
bank-service;auth-server;autenticationRequest;id-1626254403653;1626254403659
atm-terminal;terminal-proxy;checkBalance;id-1626254404024;1626254404024
terminal-proxy;bank-service;checkBalance;id-1626254404024;1626254404027
bank-service;balance-service;checkBalance;id-1626254404024;1626254404029
atm-terminal;terminal-proxy;depositRequest;id-1626254405822;1626254405822
terminal-proxy;bank-service;depositRequest;id-1626254405822;1626254405825
bank-service;balance-service;depositRequest;id-1626254405822;1626254405827
atm-terminal;terminal-proxy;authenticationRequest;id-1626254406887;1626254406887
terminal-proxy;bank-service;authenticationRequest;id-1626254406887;1626254406891
bank-service;auth-server;autenticationRequest;id-1626254406887;1626254406893
atm-terminal;terminal-proxy;printReceipt;id-1626254407628;1626254407628
terminal-proxy;bank-service;printReceipt;id-1626254407628;1626254407631
atm-terminal;terminal-proxy;depositRequest;id-1626254409092;1626254409092
terminal-proxy;bank-service;depositRequest;id-1626254409092;1626254409095
bank-service;balance-service;depositRequest;id-1626254409092;1626254409097
atm-terminal;terminal-proxy;printReceipt;id-1626254409599;1626254409599
terminal-proxy;bank-service;printReceipt;id-1626254409599;1626254409602
atm-terminal;terminal-proxy;authenticationRequest;id-1626254410878;1626254410878
terminal-proxy;bank-service;authenticationRequest;id-1626254410878;1626254410881
bank-service;auth-server;autenticationRequest;id-1626254410878;1626254410883
atm-terminal;terminal-proxy;checkBalance;id-1626254411347;1626254411347
terminal-proxy;bank-service;checkBalance;id-1626254411347;1626254411350
bank-service;balance-service;checkBalance;id-1626254411347;1626254411352
atm-terminal;terminal-proxy;withdrawalRequest;id-1626254412916;1626254412916
terminal-proxy;bank-service;withdrawalRequest;id-1626254412916;1626254412919
bank-service;balance-service;withdrawalRequest;id-1626254412916;1626254412921
atm-terminal;terminal-proxy;printReceipt;id-1626254413872;1626254413872
terminal-proxy;bank-service;printReceipt;id-1626254413872;1626254413875
atm-terminal;terminal-proxy;authenticationRequest;id-1626254415089;1626254415089
terminal-proxy;bank-service;authenticationRequest;id-1626254415089;1626254415093
bank-service;auth-server;autenticationRequest;id-1626254415089;1626254415094
atm-terminal;terminal-proxy;checkBalance;id-1626254415594;1626254415594
terminal-proxy;bank-service;checkBalance;id-1626254415594;1626254415597
bank-service;balance-service;checkBalance;id-1626254415594;1626254415599
atm-terminal;terminal-proxy;depositRequest;id-1626254417085;1626254417085
terminal-proxy;bank-service;depositRequest;id-1626254417085;1626254417088
bank-service;balance-service;depositRequest;id-1626254417085;1626254417090
atm-terminal;terminal-proxy;withdrawalRequest;id-1626254418355;1626254418355
terminal-proxy;bank-service;withdrawalRequest;id-1626254418355;1626254418358
bank-service;balance-service;withdrawalRequest;id-1626254418355;1626254418360
atm-terminal;terminal-proxy;printReceipt;id-1626254418798;1626254418798
terminal-proxy;bank-service;printReceipt;id-1626254418798;1626254418802
atm-terminal;terminal-proxy;authenticationRequest;id-1626254420153;1626254420153
terminal-proxy;bank-service;authenticationRequest;id-1626254420153;1626254420157
bank-service;auth-server;autenticationRequest;id-1626254420153;1626254420159
atm-terminal;terminal-proxy;checkBalance;id-1626254420554;1626254420554
terminal-proxy;bank-service;checkBalance;id-1626254420554;1626254420557
bank-service;balance-service;checkBalance;id-1626254420554;1626254420559
atm-terminal;terminal-proxy;depositRequest;id-1626254421914;1626254421914
terminal-proxy;bank-service;depositRequest;id-1626254421914;1626254421917
bank-service;balance-service;depositRequest;id-1626254421914;1626254421918
atm-terminal;terminal-proxy;printReceipt;id-1626254422287;1626254422287
terminal-proxy;bank-service;printReceipt;id-1626254422287;1626254422309
atm-terminal;terminal-proxy;authenticationRequest;id-1626254423623;1626254423623
terminal-proxy;bank-service;authenticationRequest;id-1626254423623;1626254423626
bank-service;auth-server;autenticationRequest;id-1626254423623;1626254423628
atm-terminal;terminal-proxy;checkBalance;id-1626254424755;1626254424755
terminal-proxy;bank-service;checkBalance;id-1626254424755;1626254424758
bank-service;balance-service;checkBalance;id-1626254424755;1626254424760
atm-terminal;terminal-proxy;withdrawalRequest;id-1626254426134;1626254426134
terminal-proxy;bank-service;withdrawalRequest;id-1626254426134;1626254426137
bank-service;balance-service;withdrawalRequest;id-1626254426134;1626254426139
atm-terminal;terminal-proxy;authenticationRequest;id-1626254427516;1626254427516
terminal-proxy;bank-service;authenticationRequest;id-1626254427516;1626254427519
bank-service;auth-server;autenticationRequest;id-1626254427516;1626254427528
atm-terminal;terminal-proxy;depositRequest;id-1626254428560;1626254428560
terminal-proxy;bank-service;depositRequest;id-1626254428560;1626254428563
bank-service;balance-service;depositRequest;id-1626254428560;1626254428565
atm-terminal;terminal-proxy;withdrawalRequest;id-1626254429619;1626254429619
terminal-proxy;bank-service;withdrawalRequest;id-1626254429619;1626254429622
bank-service;balance-service;withdrawalRequest;id-1626254429619;1626254429624
atm-terminal;terminal-proxy;printReceipt;id-1626254430038;1626254430038
terminal-proxy;bank-service;printReceipt;id-1626254430038;1626254430041
atm-terminal;terminal-proxy;authenticationRequest;id-1626254431360;1626254431360
terminal-proxy;bank-service;authenticationRequest;id-1626254431360;1626254431364
bank-service;auth-server;autenticationRequest;id-1626254431360;1626254431366
atm-terminal;terminal-proxy;checkBalance;id-1626254431815;1626254431815
terminal-proxy;bank-service;checkBalance;id-1626254431815;1626254431818
bank-service;balance-service;checkBalance;id-1626254431815;1626254431820
atm-terminal;terminal-proxy;depositRequest;id-1626254434281;1626254434281
terminal-proxy;bank-service;depositRequest;id-1626254434281;1626254434284
bank-service;balance-service;depositRequest;id-1626254434281;1626254434286
atm-terminal;terminal-proxy;printReceipt;id-1626254434727;1626254434727
terminal-proxy;bank-service;printReceipt;id-1626254434727;1626254434731
atm-terminal;terminal-proxy;authenticationRequest;id-1626254436296;1626254436296
terminal-proxy;bank-service;authenticationRequest;id-1626254436296;1626254436299
bank-service;auth-server;autenticationRequest;id-1626254436296;1626254436301
atm-terminal;terminal-proxy;withdrawalRequest;id-1626254437969;1626254437969
terminal-proxy;bank-service;withdrawalRequest;id-1626254437969;1626254437972
bank-service;balance-service;withdrawalRequest;id-1626254437969;1626254437974
atm-terminal;terminal-proxy;checkBalance;id-1626254438535;1626254438535
terminal-proxy;bank-service;checkBalance;id-1626254438535;1626254438537
bank-service;balance-service;checkBalance;id-1626254438535;1626254438539
atm-terminal;terminal-proxy;depositRequest;id-1626254439966;1626254439966
terminal-proxy;bank-service;depositRequest;id-1626254439966;1626254439970
bank-service;balance-service;depositRequest;id-1626254439966;1626254439971
atm-terminal;terminal-proxy;authenticationRequest;id-1626254442508;1626254442508
terminal-proxy;bank-service;authenticationRequest;id-1626254442508;1626254442511
bank-service;auth-server;autenticationRequest;id-1626254442508;1626254442513
atm-terminal;terminal-proxy;authenticationRequest;id-1626254464117;1626254464117
terminal-proxy;bank-service;authenticationRequest;id-1626254464117;1626254464120
bank-service;auth-server;autenticationRequest;id-1626254464117;1626254464122
atm-terminal;terminal-proxy;depositRequest;id-1626254465316;1626254465316
terminal-proxy;bank-service;depositRequest;id-1626254465316;1626254465318
bank-service;balance-service;depositRequest;id-1626254465316;1626254465320
atm-terminal;terminal-proxy;checkBalance;id-1626254465745;1626254465745
terminal-proxy;bank-service;checkBalance;id-1626254465745;1626254465748
bank-service;balance-service;checkBalance;id-1626254465745;1626254465750
atm-terminal;terminal-proxy;printReceipt;id-1626254468180;1626254468180
terminal-proxy;bank-service;printReceipt;id-1626254468180;1626254468183
atm-terminal;terminal-proxy;checkBalance;id-1626254468662;1626254468662
terminal-proxy;bank-service;checkBalance;id-1626254468662;1626254468665
bank-service;balance-service;checkBalance;id-1626254468662;1626254468667
atm-terminal;terminal-proxy;printReceipt;id-1626254469030;1626254469030
terminal-proxy;bank-service;printReceipt;id-1626254469030;1626254469032
atm-terminal;terminal-proxy;checkBalance;id-1626254469381;1626254469381
terminal-proxy;bank-service;checkBalance;id-1626254469381;1626254469384
bank-service;balance-service;checkBalance;id-1626254469381;1626254469386
atm-terminal;terminal-proxy;printReceipt;id-1626254469681;1626254469681
terminal-proxy;bank-service;printReceipt;id-1626254469681;1626254469684
atm-terminal;terminal-proxy;checkBalance;id-1626254470059;1626254470059
terminal-proxy;bank-service;checkBalance;id-1626254470059;1626254470063
bank-service;balance-service;checkBalance;id-1626254470059;1626254470064
atm-terminal;terminal-proxy;printReceipt;id-1626254470376;1626254470376
terminal-proxy;bank-service;printReceipt;id-1626254470376;1626254470379
atm-terminal;terminal-proxy;checkBalance;id-1626254470722;1626254470722
terminal-proxy;bank-service;checkBalance;id-1626254470722;1626254470725
bank-service;balance-service;checkBalance;id-1626254470722;1626254470728
atm-terminal;terminal-proxy;printReceipt;id-1626254471040;1626254471040
terminal-proxy;bank-service;printReceipt;id-1626254471040;1626254471044
atm-terminal;terminal-proxy;checkBalance;id-1626254471387;1626254471387
terminal-proxy;bank-service;checkBalance;id-1626254471387;1626254471390
bank-service;balance-service;checkBalance;id-1626254471387;1626254471392
atm-terminal;terminal-proxy;printReceipt;id-1626254471675;1626254471675
terminal-proxy;bank-service;printReceipt;id-1626254471675;1626254471678
atm-terminal;terminal-proxy;checkBalance;id-1626254472036;1626254472036
terminal-proxy;bank-service;checkBalance;id-1626254472036;1626254472039
bank-service;balance-service;checkBalance;id-1626254472036;1626254472041
atm-terminal;terminal-proxy;printReceipt;id-1626254472343;1626254472343
terminal-proxy;bank-service;printReceipt;id-1626254472343;1626254472346
atm-terminal;terminal-proxy;checkBalance;id-1626254472664;1626254472664
terminal-proxy;bank-service;checkBalance;id-1626254472664;1626254472667
bank-service;balance-service;checkBalance;id-1626254472664;1626254472670
atm-terminal;terminal-proxy;printReceipt;id-1626254472944;1626254472944
terminal-proxy;bank-service;printReceipt;id-1626254472944;1626254472948
atm-terminal;terminal-proxy;checkBalance;id-1626254473255;1626254473255
terminal-proxy;bank-service;checkBalance;id-1626254473255;1626254473258
bank-service;balance-service;checkBalance;id-1626254473255;1626254473260
atm-terminal;terminal-proxy;printReceipt;id-1626254473546;1626254473546
terminal-proxy;bank-service;printReceipt;id-1626254473546;1626254473549
atm-terminal;terminal-proxy;checkBalance;id-1626254473896;1626254473896
terminal-proxy;bank-service;checkBalance;id-1626254473896;1626254473900
bank-service;balance-service;checkBalance;id-1626254473896;1626254473901
atm-terminal;terminal-proxy;printReceipt;id-1626254474152;1626254474152
terminal-proxy;bank-service;printReceipt;id-1626254474152;1626254474156
atm-terminal;terminal-proxy;depositRequest;id-1626254475177;1626254475177
terminal-proxy;bank-service;depositRequest;id-1626254475177;1626254475182
bank-service;balance-service;depositRequest;id-1626254475177;1626254475183
atm-terminal;terminal-proxy;depositRequest;id-1626254476727;1626254476727
terminal-proxy;bank-service;depositRequest;id-1626254476727;1626254476730
bank-service;balance-service;depositRequest;id-1626254476727;1626254476732
atm-terminal;terminal-proxy;authenticationRequest;id-1626254477548;1626254477548
terminal-proxy;bank-service;authenticationRequest;id-1626254477548;1626254477551
bank-service;auth-server;autenticationRequest;id-1626254477548;1626254477552
atm-terminal;terminal-proxy;authenticationRequest;id-1626254478364;1626254478364
terminal-proxy;bank-service;authenticationRequest;id-1626254478364;1626254478367
bank-service;auth-server;autenticationRequest;id-1626254478364;1626254478369
atm-terminal;terminal-proxy;authenticationRequest;id-1626254479109;1626254479109
terminal-proxy;bank-service;authenticationRequest;id-1626254479109;1626254479112
bank-service;auth-server;autenticationRequest;id-1626254479109;1626254479114
atm-terminal;terminal-proxy;authenticationRequest;id-1626254479796;1626254479796
terminal-proxy;bank-service;authenticationRequest;id-1626254479796;1626254479799
bank-service;auth-server;autenticationRequest;id-1626254479796;1626254479800
atm-terminal;terminal-proxy;authenticationRequest;id-1626254480490;1626254480490
terminal-proxy;bank-service;authenticationRequest;id-1626254480490;1626254480493
bank-service;auth-server;autenticationRequest;id-1626254480490;1626254480495
atm-terminal;terminal-proxy;authenticationRequest;id-1626254481153;1626254481153
terminal-proxy;bank-service;authenticationRequest;id-1626254481153;1626254481157
bank-service;auth-server;autenticationRequest;id-1626254481153;1626254481158
atm-terminal;terminal-proxy;authenticationRequest;id-1626254481866;1626254481866
terminal-proxy;bank-service;authenticationRequest;id-1626254481866;1626254481869
bank-service;auth-server;autenticationRequest;id-1626254481866;1626254481871
atm-terminal;terminal-proxy;withdrawalRequest;id-1626254482886;1626254482886
terminal-proxy;bank-service;withdrawalRequest;id-1626254482886;1626254482889
bank-service;balance-service;withdrawalRequest;id-1626254482886;1626254482891
atm-terminal;terminal-proxy;withdrawalRequest;id-1626254483806;1626254483806
terminal-proxy;bank-service;withdrawalRequest;id-1626254483806;1626254483809
bank-service;balance-service;withdrawalRequest;id-1626254483806;1626254483811
atm-terminal;terminal-proxy;withdrawalRequest;id-1626254485195;1626254485195
terminal-proxy;bank-service;withdrawalRequest;id-1626254485195;1626254485198
bank-service;balance-service;withdrawalRequest;id-1626254485195;1626254485200
atm-terminal;terminal-proxy;depositRequest;id-1626254486170;1626254486170
terminal-proxy;bank-service;depositRequest;id-1626254486170;1626254486174
bank-service;balance-service;depositRequest;id-1626254486170;1626254486175
atm-terminal;terminal-proxy;depositRequest;id-1626254487013;1626254487013
terminal-proxy;bank-service;depositRequest;id-1626254487013;1626254487015
bank-service;balance-service;depositRequest;id-1626254487013;1626254487017
atm-terminal;terminal-proxy;depositRequest;id-1626254487854;1626254487854
terminal-proxy;bank-service;depositRequest;id-1626254487854;1626254487857
bank-service;balance-service;depositRequest;id-1626254487854;1626254487859
atm-terminal;terminal-proxy;depositRequest;id-1626254488692;1626254488692
terminal-proxy;bank-service;depositRequest;id-1626254488692;1626254488695
bank-service;balance-service;depositRequest;id-1626254488692;1626254488697
atm-terminal;terminal-proxy;printReceipt;id-1626254489052;1626254489052
terminal-proxy;bank-service;printReceipt;id-1626254489052;1626254489054
atm-terminal;terminal-proxy;checkBalance;id-1626254489697;1626254489697
terminal-proxy;bank-service;checkBalance;id-1626254489697;1626254489700
bank-service;balance-service;checkBalance;id-1626254489697;1626254489702
atm-terminal;terminal-proxy;printReceipt;id-1626254490298;1626254490298
terminal-proxy;bank-service;printReceipt;id-1626254490298;1626254490301
atm-terminal;terminal-proxy;checkBalance;id-1626254490613;1626254490613
terminal-proxy;bank-service;checkBalance;id-1626254490613;1626254490618
bank-service;balance-service;checkBalance;id-1626254490613;1626254490619
atm-terminal;terminal-proxy;printReceipt;id-1626254490836;1626254490836
terminal-proxy;bank-service;printReceipt;id-1626254490836;1626254490839
atm-terminal;terminal-proxy;checkBalance;id-1626254491143;1626254491143
terminal-proxy;bank-service;checkBalance;id-1626254491143;1626254491148
bank-service;balance-service;checkBalance;id-1626254491143;1626254491149
atm-terminal;terminal-proxy;printReceipt;id-1626254491375;1626254491375
terminal-proxy;bank-service;printReceipt;id-1626254491375;1626254491379
atm-terminal;terminal-proxy;checkBalance;id-1626254491641;1626254491641
terminal-proxy;bank-service;checkBalance;id-1626254491641;1626254491645
bank-service;balance-service;checkBalance;id-1626254491641;1626254491647
atm-terminal;terminal-proxy;printReceipt;id-1626254491876;1626254491876
terminal-proxy;bank-service;printReceipt;id-1626254491876;1626254491879
atm-terminal;terminal-proxy;checkBalance;id-1626254492166;1626254492166
terminal-proxy;bank-service;checkBalance;id-1626254492166;1626254492169
bank-service;balance-service;checkBalance;id-1626254492166;1626254492170
atm-terminal;terminal-proxy;printReceipt;id-1626254492411;1626254492411
terminal-proxy;bank-service;printReceipt;id-1626254492411;1626254492414
atm-terminal;terminal-proxy;depositRequest;id-1626254493176;1626254493176
terminal-proxy;bank-service;depositRequest;id-1626254493176;1626254493179
bank-service;balance-service;depositRequest;id-1626254493176;1626254493180
atm-terminal;terminal-proxy;depositRequest;id-1626254494068;1626254494068
terminal-proxy;bank-service;depositRequest;id-1626254494068;1626254494071
bank-service;balance-service;depositRequest;id-1626254494068;1626254494073
atm-terminal;terminal-proxy;depositRequest;id-1626254494852;1626254494852
terminal-proxy;bank-service;depositRequest;id-1626254494852;1626254494855
bank-service;balance-service;depositRequest;id-1626254494852;1626254494857
atm-terminal;terminal-proxy;withdrawalRequest;id-1626254495948;1626254495948
terminal-proxy;bank-service;withdrawalRequest;id-1626254495948;1626254495951
bank-service;balance-service;withdrawalRequest;id-1626254495948;1626254495952
atm-terminal;terminal-proxy;withdrawalRequest;id-1626254497040;1626254497040
terminal-proxy;bank-service;withdrawalRequest;id-1626254497040;1626254497043
bank-service;balance-service;withdrawalRequest;id-1626254497040;1626254497045
atm-terminal;terminal-proxy;withdrawalRequest;id-1626254497788;1626254497788
terminal-proxy;bank-service;withdrawalRequest;id-1626254497788;1626254497791
bank-service;balance-service;withdrawalRequest;id-1626254497788;1626254497792
atm-terminal;terminal-proxy;authenticationRequest;id-1626254498729;1626254498729
terminal-proxy;bank-service;authenticationRequest;id-1626254498729;1626254498732
bank-service;auth-server;autenticationRequest;id-1626254498729;1626254498734
atm-terminal;terminal-proxy;authenticationRequest;id-1626254499649;1626254499649
terminal-proxy;bank-service;authenticationRequest;id-1626254499649;1626254499652
bank-service;auth-server;autenticationRequest;id-1626254499649;1626254499654
atm-terminal;terminal-proxy;authenticationRequest;id-1626254500173;1626254500173
terminal-proxy;bank-service;authenticationRequest;id-1626254500173;1626254500176
bank-service;auth-server;autenticationRequest;id-1626254500173;1626254500177
atm-terminal;terminal-proxy;authenticationRequest;id-1626254500675;1626254500675
terminal-proxy;bank-service;authenticationRequest;id-1626254500675;1626254500678
bank-service;auth-server;autenticationRequest;id-1626254500675;1626254500680
atm-terminal;terminal-proxy;authenticationRequest;id-1626254501152;1626254501152
terminal-proxy;bank-service;authenticationRequest;id-1626254501152;1626254501155
bank-service;auth-server;autenticationRequest;id-1626254501152;1626254501157
atm-terminal;terminal-proxy;authenticationRequest;id-1626254501925;1626254501925
terminal-proxy;bank-service;authenticationRequest;id-1626254501925;1626254501927
bank-service;auth-server;autenticationRequest;id-1626254501925;1626254501929
atm-terminal;terminal-proxy;authenticationRequest;id-1626254502451;1626254502451
terminal-proxy;bank-service;authenticationRequest;id-1626254502451;1626254502464
bank-service;auth-server;autenticationRequest;id-1626254502451;1626254502465
atm-terminal;terminal-proxy;authenticationRequest;id-1626254503134;1626254503134
terminal-proxy;bank-service;authenticationRequest;id-1626254503134;1626254503137
bank-service;auth-server;autenticationRequest;id-1626254503134;1626254503138
atm-terminal;terminal-proxy;checkBalance;id-1626254503503;1626254503503
terminal-proxy;bank-service;checkBalance;id-1626254503503;1626254503506
bank-service;balance-service;checkBalance;id-1626254503503;1626254503508
atm-terminal;terminal-proxy;depositRequest;id-1626254505489;1626254505489
terminal-proxy;bank-service;depositRequest;id-1626254505489;1626254505492
bank-service;balance-service;depositRequest;id-1626254505489;1626254505493
atm-terminal;terminal-proxy;printReceipt;id-1626254505931;1626254505931
terminal-proxy;bank-service;printReceipt;id-1626254505931;1626254505934
atm-terminal;terminal-proxy;withdrawalRequest;id-1626254507687;1626254507687
terminal-proxy;bank-service;withdrawalRequest;id-1626254507687;1626254507690
bank-service;balance-service;withdrawalRequest;id-1626254507687;1626254507692
atm-terminal;terminal-proxy;checkBalance;id-1626254508180;1626254508180
terminal-proxy;bank-service;checkBalance;id-1626254508180;1626254508183
bank-service;balance-service;checkBalance;id-1626254508180;1626254508185
atm-terminal;terminal-proxy;authenticationRequest;id-1626254509277;1626254509277
terminal-proxy;bank-service;authenticationRequest;id-1626254509277;1626254509280
bank-service;auth-server;autenticationRequest;id-1626254509277;1626254509281
atm-terminal;terminal-proxy;checkBalance;id-1626254509703;1626254509703
terminal-proxy;bank-service;checkBalance;id-1626254509703;1626254509706
bank-service;balance-service;checkBalance;id-1626254509703;1626254509708
atm-terminal;terminal-proxy;authenticationRequest;id-1626254510936;1626254510936
terminal-proxy;bank-service;authenticationRequest;id-1626254510936;1626254510939
bank-service;auth-server;autenticationRequest;id-1626254510936;1626254510941
atm-terminal;terminal-proxy;checkBalance;id-1626254511295;1626254511295
terminal-proxy;bank-service;checkBalance;id-1626254511295;1626254511297
bank-service;balance-service;checkBalance;id-1626254511295;1626254511299
atm-terminal;terminal-proxy;authenticationRequest;id-1626254512452;1626254512452
terminal-proxy;bank-service;authenticationRequest;id-1626254512452;1626254512455
bank-service;auth-server;autenticationRequest;id-1626254512452;1626254512457
atm-terminal;terminal-proxy;checkBalance;id-1626254512810;1626254512810
terminal-proxy;bank-service;checkBalance;id-1626254512810;1626254512813
bank-service;balance-service;checkBalance;id-1626254512810;1626254512815
atm-terminal;terminal-proxy;authenticationRequest;id-1626254513793;1626254513793
terminal-proxy;bank-service;authenticationRequest;id-1626254513793;1626254513796
bank-service;auth-server;autenticationRequest;id-1626254513793;1626254513798
atm-terminal;terminal-proxy;depositRequest;id-1626254514842;1626254514842
terminal-proxy;bank-service;depositRequest;id-1626254514842;1626254514845
bank-service;balance-service;depositRequest;id-1626254514842;1626254514847
atm-terminal;terminal-proxy;withdrawalRequest;id-1626254515876;1626254515876
terminal-proxy;bank-service;withdrawalRequest;id-1626254515876;1626254515879
bank-service;balance-service;withdrawalRequest;id-1626254515876;1626254515881
atm-terminal;terminal-proxy;printReceipt;id-1626254516268;1626254516268
terminal-proxy;bank-service;printReceipt;id-1626254516268;1626254516271
atm-terminal;terminal-proxy;authenticationRequest;id-1626254519105;1626254519105
terminal-proxy;bank-service;authenticationRequest;id-1626254519105;1626254519108
bank-service;auth-server;autenticationRequest;id-1626254519105;1626254519109
atm-terminal;terminal-proxy;checkBalance;id-1626254519512;1626254519512
terminal-proxy;bank-service;checkBalance;id-1626254519512;1626254519515
bank-service;balance-service;checkBalance;id-1626254519512;1626254519516
atm-terminal;terminal-proxy;withdrawalRequest;id-1626254520999;1626254520999
terminal-proxy;bank-service;withdrawalRequest;id-1626254520999;1626254521004
bank-service;balance-service;withdrawalRequest;id-1626254520999;1626254521006
atm-terminal;terminal-proxy;withdrawalRequest;id-1626254521872;1626254521872
terminal-proxy;bank-service;withdrawalRequest;id-1626254521872;1626254521875
bank-service;balance-service;withdrawalRequest;id-1626254521872;1626254521876
atm-terminal;terminal-proxy;withdrawalRequest;id-1626254522579;1626254522579
terminal-proxy;bank-service;withdrawalRequest;id-1626254522579;1626254522583
bank-service;balance-service;withdrawalRequest;id-1626254522579;1626254522584
atm-terminal;terminal-proxy;withdrawalRequest;id-1626254523378;1626254523378
terminal-proxy;bank-service;withdrawalRequest;id-1626254523378;1626254523380
bank-service;balance-service;withdrawalRequest;id-1626254523378;1626254523382
atm-terminal;terminal-proxy;authenticationRequest;id-1626254524295;1626254524295
terminal-proxy;bank-service;authenticationRequest;id-1626254524295;1626254524298
bank-service;auth-server;autenticationRequest;id-1626254524295;1626254524300
atm-terminal;terminal-proxy;authenticationRequest;id-1626254525303;1626254525303
terminal-proxy;bank-service;authenticationRequest;id-1626254525303;1626254525306
bank-service;auth-server;autenticationRequest;id-1626254525303;1626254525308
atm-terminal;terminal-proxy;authenticationRequest;id-1626254525970;1626254525970
terminal-proxy;bank-service;authenticationRequest;id-1626254525970;1626254525973
bank-service;auth-server;autenticationRequest;id-1626254525970;1626254525976
atm-terminal;terminal-proxy;authenticationRequest;id-1626254526646;1626254526646
terminal-proxy;bank-service;authenticationRequest;id-1626254526646;1626254526649
bank-service;auth-server;autenticationRequest;id-1626254526646;1626254526651
atm-terminal;terminal-proxy;authenticationRequest;id-1626254527200;1626254527200
terminal-proxy;bank-service;authenticationRequest;id-1626254527200;1626254527203
bank-service;auth-server;autenticationRequest;id-1626254527200;1626254527205
atm-terminal;terminal-proxy;authenticationRequest;id-1626254527843;1626254527843
terminal-proxy;bank-service;authenticationRequest;id-1626254527843;1626254527846
bank-service;auth-server;autenticationRequest;id-1626254527843;1626254527848
atm-terminal;terminal-proxy;checkBalance;id-1626254528286;1626254528286
terminal-proxy;bank-service;checkBalance;id-1626254528286;1626254528289
bank-service;balance-service;checkBalance;id-1626254528286;1626254528291
atm-terminal;terminal-proxy;printReceipt;id-1626254529016;1626254529016
terminal-proxy;bank-service;printReceipt;id-1626254529016;1626254529019
atm-terminal;terminal-proxy;checkBalance;id-1626254529308;1626254529308
terminal-proxy;bank-service;checkBalance;id-1626254529308;1626254529311
bank-service;balance-service;checkBalance;id-1626254529308;1626254529313
atm-terminal;terminal-proxy;printReceipt;id-1626254529546;1626254529546
terminal-proxy;bank-service;printReceipt;id-1626254529546;1626254529549
atm-terminal;terminal-proxy;checkBalance;id-1626254529858;1626254529858
terminal-proxy;bank-service;checkBalance;id-1626254529858;1626254529861
bank-service;balance-service;checkBalance;id-1626254529858;1626254529863
atm-terminal;terminal-proxy;printReceipt;id-1626254530087;1626254530087
terminal-proxy;bank-service;printReceipt;id-1626254530087;1626254530090
atm-terminal;terminal-proxy;checkBalance;id-1626254530407;1626254530407
terminal-proxy;bank-service;checkBalance;id-1626254530407;1626254530411
bank-service;balance-service;checkBalance;id-1626254530407;1626254530412
atm-terminal;terminal-proxy;printReceipt;id-1626254530660;1626254530660
terminal-proxy;bank-service;printReceipt;id-1626254530660;1626254530663
atm-terminal;terminal-proxy;checkBalance;id-1626254530944;1626254530944
terminal-proxy;bank-service;checkBalance;id-1626254530944;1626254530947
bank-service;balance-service;checkBalance;id-1626254530944;1626254530949
atm-terminal;terminal-proxy;printReceipt;id-1626254531189;1626254531189
terminal-proxy;bank-service;printReceipt;id-1626254531189;1626254531193
atm-terminal;terminal-proxy;depositRequest;id-1626254532400;1626254532400
terminal-proxy;bank-service;depositRequest;id-1626254532400;1626254532403
bank-service;balance-service;depositRequest;id-1626254532400;1626254532405
atm-terminal;terminal-proxy;depositRequest;id-1626254533265;1626254533265
terminal-proxy;bank-service;depositRequest;id-1626254533265;1626254533268
bank-service;balance-service;depositRequest;id-1626254533265;1626254533269
atm-terminal;terminal-proxy;withdrawalRequest;id-1626254534448;1626254534448
terminal-proxy;bank-service;withdrawalRequest;id-1626254534448;1626254534451
bank-service;balance-service;withdrawalRequest;id-1626254534448;1626254534452
atm-terminal;terminal-proxy;withdrawalRequest;id-1626254535230;1626254535230
terminal-proxy;bank-service;withdrawalRequest;id-1626254535230;1626254535233
bank-service;balance-service;withdrawalRequest;id-1626254535230;1626254535235
atm-terminal;terminal-proxy;withdrawalRequest;id-1626254536347;1626254536347
terminal-proxy;bank-service;withdrawalRequest;id-1626254536347;1626254536350
bank-service;balance-service;withdrawalRequest;id-1626254536347;1626254536352
atm-terminal;terminal-proxy;anomalyRequest;id-1626699157898;1626699157898
terminal-proxy;anomaly-server;anomalyRequest;id-1626699157898;1626699157902
atm-terminal;anomaly-server;anomalyRequest;id-1626699151170;1626699151170