"source";"target";"type";"case"
"b";"t";"random";"trace1"
"t";"l";"random";"trace1"
"l";"j";"random";"trace1"
"j";"g";"random";"trace1"
"g";"i";"random";"trace1"
"i";"p";"random";"trace1"
"p";"k";"random";"trace1"
"k";"r";"random";"trace1"
"k";"m";"random";"trace1"
"k";"q";"random";"trace1"
"r";"e";"random";"trace1"
"m";"n";"random";"trace1"
"q";"n";"random";"trace1"
"e";"a";"random";"trace1"
"n";"s";"random";"trace1"
"n";"a";"random";"trace1"
"n";"o";"random";"trace1"
"a";"s";"random";"trace1"
"s";"o";"random";"trace1"
"a";"h";"random";"trace1"
"a";"c";"random";"trace1"
"o";"h";"random";"trace1"
"s";"d";"random";"trace1"
"o";"d";"random";"trace1"
"h";"f";"random";"trace1"
"c";"d";"random";"trace1"
"h";"d";"random";"trace1"
"d";"f";"random";"trace1"
"d";"f";"random";"trace1"
"b";"k";"random";"trace2"
"c";"q";"random";"trace2"
"k";"f";"random";"trace2"
"q";"d";"random";"trace2"
"f";"t";"random";"trace2"
"d";"r";"random";"trace2"
"t";"r";"random";"trace2"
"t";"p";"random";"trace2"
"r";"e";"random";"trace2"
"r";"p";"random";"trace2"
"r";"o";"random";"trace2"
"r";"e";"random";"trace2"
"p";"i";"random";"trace2"
"p";"e";"random";"trace2"
"e";"g";"random";"trace2"
"e";"l";"random";"trace2"
"p";"s";"random";"trace2"
"o";"g";"random";"trace2"
"o";"n";"random";"trace2"
"e";"g";"random";"trace2"
"i";"a";"random";"trace2"
"e";"j";"random";"trace2"
"g";"a";"random";"trace2"
"l";"j";"random";"trace2"
"l";"a";"random";"trace2"
"s";"n";"random";"trace2"
"g";"n";"random";"trace2"
"g";"j";"random";"trace2"
"n";"h";"random";"trace2"
"n";"a";"random";"trace2"
"n";"m";"random";"trace2"
"g";"j";"random";"trace2"
"a";"h";"random";"trace2"
"j";"m";"random";"trace2"
"a";"h";"random";"trace2"
"j";"h";"random";"trace2"
"a";"m";"random";"trace2"
"n";"m";"random";"trace2"
"n";"h";"random";"trace2"
"n";"m";"random";"trace2"
"j";"h";"random";"trace2"
"h";"m";"random";"trace2"
"a";"m";"random";"trace2"
"c";"o";"random";"trace3"
"o";"q";"random";"trace3"
"q";"m";"random";"trace3"
"m";"j";"random";"trace3"
"j";"d";"random";"trace3"
"d";"t";"random";"trace3"
"d";"g";"random";"trace3"
"t";"r";"random";"trace3"
"t";"n";"random";"trace3"
"g";"i";"random";"trace3"
"r";"l";"random";"trace3"
"n";"b";"random";"trace3"
"i";"e";"random";"trace3"
"l";"p";"random";"trace3"
"l";"e";"random";"trace3"
"l";"s";"random";"trace3"
"b";"f";"random";"trace3"
"e";"a";"random";"trace3"
"p";"f";"random";"trace3"
"p";"a";"random";"trace3"
"e";"k";"random";"trace3"
"s";"a";"random";"trace3"
"f";"a";"random";"trace3"
"a";"k";"random";"trace3"
"f";"h";"random";"trace3"
"f";"k";"random";"trace3"
"a";"h";"random";"trace3"
"k";"h";"random";"trace3"
"a";"h";"random";"trace3"
"a";"h";"random";"trace3"
"k";"h";"random";"trace3"
"c";"t";"random";"trace4"
"c";"q";"random";"trace4"
"d";"p";"random";"trace4"
"d";"i";"random";"trace4"
"d";"t";"random";"trace4"
"d";"r";"random";"trace4"
"t";"f";"random";"trace4"
"q";"k";"random";"trace4"
"p";"k";"random";"trace4"
"p";"n";"random";"trace4"
"i";"b";"random";"trace4"
"t";"b";"random";"trace4"
"t";"f";"random";"trace4"
"r";"o";"random";"trace4"
"f";"j";"random";"trace4"
"f";"s";"random";"trace4"
"k";"a";"random";"trace4"
"k";"m";"random";"trace4"
"k";"s";"random";"trace4"
"n";"h";"random";"trace4"
"b";"o";"random";"trace4"
"b";"m";"random";"trace4"
"f";"m";"random";"trace4"
"o";"m";"random";"trace4"
"j";"e";"random";"trace4"
"s";"g";"random";"trace4"
"a";"l";"random";"trace4"
"m";"g";"random";"trace4"
"s";"h";"random";"trace4"
"h";"l";"random";"trace4"
"o";"l";"random";"trace4"
"m";"l";"random";"trace4"
"m";"g";"random";"trace4"
"m";"g";"random";"trace4"
"m";"g";"random";"trace4"
"e";"g";"random";"trace4"
"g";"l";"random";"trace4"
"b";"j";"random";"trace5"
"a";"g";"random";"trace5"
"d";"q";"random";"trace5"
"d";"t";"random";"trace5"
"j";"m";"random";"trace5"
"j";"o";"random";"trace5"
"g";"r";"random";"trace5"
"q";"o";"random";"trace5"
"q";"n";"random";"trace5"
"q";"t";"random";"trace5"
"t";"c";"random";"trace5"
"m";"i";"random";"trace5"
"o";"i";"random";"trace5"
"r";"n";"random";"trace5"
"r";"p";"random";"trace5"
"o";"c";"random";"trace5"
"n";"p";"random";"trace5"
"t";"l";"random";"trace5"
"c";"e";"random";"trace5"
"i";"p";"random";"trace5"
"i";"s";"random";"trace5"
"n";"l";"random";"trace5"
"p";"s";"random";"trace5"
"c";"e";"random";"trace5"
"p";"s";"random";"trace5"
"p";"h";"random";"trace5"
"l";"k";"random";"trace5"
"e";"h";"random";"trace5"
"p";"f";"random";"trace5"
"s";"k";"random";"trace5"
"l";"h";"random";"trace5"
"s";"k";"random";"trace5"
"e";"f";"random";"trace5"
"s";"k";"random";"trace5"
"h";"f";"random";"trace5"
"k";"f";"random";"trace5"
"h";"f";"random";"trace5"
"d";"q";"random";"trace6"
"d";"c";"random";"trace6"
"b";"r";"random";"trace6"
"q";"i";"random";"trace6"
"c";"m";"random";"trace6"
"r";"l";"random";"trace6"
"i";"n";"random";"trace6"
"m";"h";"random";"trace6"
"m";"e";"random";"trace6"
"l";"t";"random";"trace6"
"n";"e";"random";"trace6"
"n";"o";"random";"trace6"
"h";"p";"random";"trace6"
"e";"k";"random";"trace6"
"t";"a";"random";"trace6"
"t";"o";"random";"trace6"
"t";"k";"random";"trace6"
"e";"s";"random";"trace6"
"e";"k";"random";"trace6"
"o";"f";"random";"trace6"
"p";"j";"random";"trace6"
"k";"f";"random";"trace6"
"k";"g";"random";"trace6"
"a";"g";"random";"trace6"
"o";"j";"random";"trace6"
"k";"s";"random";"trace6"
"s";"g";"random";"trace6"
"k";"f";"random";"trace6"
"f";"g";"random";"trace6"
"j";"g";"random";"trace6"
"f";"g";"random";"trace6"
"a";"p";"random";"trace7"
"d";"o";"random";"trace7"
"d";"g";"random";"trace7"
"b";"g";"random";"trace7"
"p";"j";"random";"trace7"
"o";"t";"random";"trace7"
"g";"j";"random";"trace7"
"g";"e";"random";"trace7"
"j";"i";"random";"trace7"
"t";"n";"random";"trace7"
"j";"l";"random";"trace7"
"e";"f";"random";"trace7"
"e";"h";"random";"trace7"
"e";"k";"random";"trace7"
"e";"n";"random";"trace7"
"e";"q";"random";"trace7"
"i";"l";"random";"trace7"
"n";"h";"random";"trace7"
"l";"m";"random";"trace7"
"f";"s";"random";"trace7"
"f";"q";"random";"trace7"
"h";"r";"random";"trace7"
"k";"q";"random";"trace7"
"n";"q";"random";"trace7"
"q";"m";"random";"trace7"
"l";"r";"random";"trace7"
"h";"r";"random";"trace7"
"m";"c";"random";"trace7"
"s";"c";"random";"trace7"
"q";"r";"random";"trace7"
"r";"c";"random";"trace7"
"q";"c";"random";"trace7"
"q";"c";"random";"trace7"
"m";"c";"random";"trace7"
"r";"c";"random";"trace7"
"r";"c";"random";"trace7"
"a";"n";"random";"trace8"
"a";"q";"random";"trace8"
"b";"e";"random";"trace8"
"c";"e";"random";"trace8"
"a";"l";"random";"trace8"
"n";"t";"random";"trace8"
"q";"f";"random";"trace8"
"e";"m";"random";"trace8"
"e";"g";"random";"trace8"
"l";"s";"random";"trace8"
"t";"r";"random";"trace8"
"t";"k";"random";"trace8"
"f";"p";"random";"trace8"
"m";"h";"random";"trace8"
"g";"i";"random";"trace8"
"g";"d";"random";"trace8"
"s";"o";"random";"trace8"
"r";"o";"random";"trace8"
"k";"h";"random";"trace8"
"k";"d";"random";"trace8"
"p";"i";"random";"trace8"
"h";"i";"random";"trace8"
"i";"o";"random";"trace8"
"d";"j";"random";"trace8"
"o";"j";"random";"trace8"
"o";"j";"random";"trace8"
"h";"j";"random";"trace8"
"d";"j";"random";"trace8"
"i";"j";"random";"trace8"
"i";"j";"random";"trace8"
"o";"j";"random";"trace8"
"a";"r";"random";"trace9"
"r";"d";"random";"trace9"
"d";"f";"random";"trace9"
"f";"c";"random";"trace9"
"c";"q";"random";"trace9"
"q";"m";"random";"trace9"
"m";"p";"random";"trace9"
"p";"l";"random";"trace9"
"l";"o";"random";"trace9"
"o";"g";"random";"trace9"
"g";"e";"random";"trace9"
"e";"i";"random";"trace9"
"i";"s";"random";"trace9"
"s";"t";"random";"trace9"
"t";"h";"random";"trace9"
"h";"k";"random";"trace9"
"k";"n";"random";"trace9"
"n";"b";"random";"trace9"
"n";"j";"random";"trace9"
"b";"j";"random";"trace9"
"a";"g";"random";"trace10"
"d";"r";"random";"trace10"
"b";"m";"random";"trace10"
"a";"k";"random";"trace10"
"a";"n";"random";"trace10"
"g";"n";"random";"trace10"
"r";"q";"random";"trace10"
"m";"h";"random";"trace10"
"m";"q";"random";"trace10"
"m";"s";"random";"trace10"
"k";"h";"random";"trace10"
"n";"q";"random";"trace10"
"n";"l";"random";"trace10"
"q";"f";"random";"trace10"
"q";"h";"random";"trace10"
"h";"i";"random";"trace10"
"q";"p";"random";"trace10"
"s";"t";"random";"trace10"
"h";"i";"random";"trace10"
"h";"o";"random";"trace10"
"q";"l";"random";"trace10"
"l";"o";"random";"trace10"
"f";"j";"random";"trace10"
"f";"c";"random";"trace10"
"f";"t";"random";"trace10"
"h";"p";"random";"trace10"
"i";"c";"random";"trace10"
"p";"c";"random";"trace10"
"t";"o";"random";"trace10"
"i";"c";"random";"trace10"
"o";"j";"random";"trace10"
"l";"c";"random";"trace10"
"o";"j";"random";"trace10"
"o";"e";"random";"trace10"
"o";"c";"random";"trace10"
"j";"c";"random";"trace10"
"j";"e";"random";"trace10"
"c";"e";"random";"trace10"
"t";"e";"random";"trace10"
"p";"e";"random";"trace10"
"c";"e";"random";"trace10"
"c";"e";"random";"trace10"
"o";"e";"random";"trace10"
"c";"e";"random";"trace10"
"j";"e";"random";"trace10"
"c";"e";"random";"trace10"
"j";"e";"random";"trace10"
