X.timestamp,MetricName,Tag_EventHandlerInstance,Tag_MC.TrackingId,Tag_StreamTypeName,Tag_Type
"Jun 1, 2021 @ 09:07:19.425",Event,ChainTest.ChainTestProjector,1591c4f35bb34cd3afdde3764d371fe8,BusinessActivityApi.InkoopfactuurBetalingChainProjector,BusinessActivityApi.InkoopfactuurBetalingSyncEvent
"Jun 1, 2021 @ 09:07:19.425",Event,BusinessActivityApi.InkoopfactuurBetalingChainProjector,1591c4f35bb34cd3afdde3764d371fe8,BusinessActivityApi.InkoopfactuurBetalingChainProjector,BusinessActivityApi.InkoopfactuurBetalingSaveStateEvent
"Jun 1, 2021 @ 09:07:19.414",Event,BusinessActivityApi.DividenduitkeringBetalingChainProjector,1591c4f35bb34cd3afdde3764d371fe8,Betaling.BetalingAggregateRoot,Betaling.BetalingCreatedEvent
"Jun 1, 2021 @ 09:07:19.414",Event,Stream.Routing.Projector,1591c4f35bb34cd3afdde3764d371fe8,Betaling.BetalingAggregateRoot,Betaling.BetalingCreatedEvent
"Jun 1, 2021 @ 09:07:19.414",Event,BusinessActivityApi.BtwAfdrachtBetalingChainProjector,1591c4f35bb34cd3afdde3764d371fe8,Betaling.BetalingAggregateRoot,Betaling.BetalingCreatedEvent
"Jun 1, 2021 @ 09:07:19.414",Event,BusinessActivityApi.InkoopfactuurBetalingChainProjector,1591c4f35bb34cd3afdde3764d371fe8,Betaling.BetalingAggregateRoot,Betaling.BetalingCreatedEvent
"Jun 1, 2021 @ 09:07:19.414",Event,Routing.Projector,1591c4f35bb34cd3afdde3764d371fe8,Betaling.BetalingAggregateRoot,Betaling.BetalingCreatedEvent
"Jun 1, 2021 @ 09:07:19.414",Event,Betaling.BetalingProjector,1591c4f35bb34cd3afdde3764d371fe8,Betaling.BetalingAggregateRoot,Betaling.BetalingCreatedEvent
"Jun 1, 2021 @ 09:07:19.405",Event,UitgaandeBetalingAfletteren.UitgaandeBetalingAfletterenProjector,1591c4f35bb34cd3afdde3764d371fe8,Betaling.BetalingAggregateRoot,Betaling.Sync_Event
"Jun 1, 2021 @ 09:07:19.405",Event,BetaalopdrachtDC.BetaalopdrachtDCProjector,1591c4f35bb34cd3afdde3764d371fe8,Betaling.BetalingAggregateRoot,Betaling.Sync_Event
"Jun 1, 2021 @ 09:07:19.405",Event,BetalingCollectDC.BetalingCollectDCProjector,1591c4f35bb34cd3afdde3764d371fe8,Betaling.BetalingAggregateRoot,Betaling.Sync_Event
"Jun 1, 2021 @ 09:07:19.404",Event,ChainTest.ChainTestProjector,1591c4f35bb34cd3afdde3764d371fe8,Betaling.BetalingAggregateRoot,Betaling.Sync_Event
"Jun 1, 2021 @ 09:07:19.404",Event,Reconciliation.bankmutatie_betalingProjector,1591c4f35bb34cd3afdde3764d371fe8,Betaling.BetalingAggregateRoot,Betaling.Sync_Event
"Jun 1, 2021 @ 09:07:19.394",Event,Betaling.BetalingProcessRouter,1591c4f35bb34cd3afdde3764d371fe8,InputBetaling.InputBetalingProjector,Betaling.UpdateBetalingRequestedEvent
"Jun 1, 2021 @ 09:07:19.392",Event,InputBetaling.InputBetalingProjector,1591c4f35bb34cd3afdde3764d371fe8,InputBetaling.InputBetalingAggregateRoot,InputBetaling.InputBetalingDraftCompletedEvent
"Jun 1, 2021 @ 09:07:19.389",Event,InputBetaling.InputBetalingProjector,1591c4f35bb34cd3afdde3764d371fe8,InputBetaling.InputBetalingAggregateRoot,InputBetaling.InputBetalingUpdatedEvent
"Jun 1, 2021 @ 09:07:19.388",Event,InputBetaling.InputBetalingProjector,1591c4f35bb34cd3afdde3764d371fe8,InputBetaling.InputBetalingAggregateRoot,InputBetaling.InputBetalingDraftCreatedEvent
"Jun 1, 2021 @ 09:07:19.383",Event,InputBetaling.InputBetalingProcessRouter,1591c4f35bb34cd3afdde3764d371fe8,Betaling.BetalingAggregateRoot,InputBetaling.InputBetalingDraftInstanceRequestedEvent
"Jun 1, 2021 @ 09:07:19.382",Event,InputBetaling.InputBetalingProjector,1591c4f35bb34cd3afdde3764d371fe8,InputBetaling.InputBetalingAggregateRoot,InputBetaling.InputBetalingDiscardedEvent
"Jun 1, 2021 @ 09:07:19.372",Event,ChainTest.ChainTestProjector,1591c4f35bb34cd3afdde3764d371fe8,BusinessActivityApi.InkoopfactuurBetalingChainProjector,BusinessActivityApi.InkoopfactuurBetalingSyncEvent
"Jun 1, 2021 @ 09:07:19.372",Event,InputBetaling.InputBetalingProcessRouter,1591c4f35bb34cd3afdde3764d371fe8,Betaling.BetalingAggregateRoot,InputBetaling.DiscardInputBetalingRequestedEvent
"Jun 1, 2021 @ 09:07:19.364",Event,Betaling.BetalingProcessRouter,1591c4f35bb34cd3afdde3764d371fe8,BusinessActivityApi.InkoopfactuurBetalingChainProjector,Betaling.ActualizeBetalingRequestedEvent
"Jun 1, 2021 @ 09:07:19.361",Event,BetaalopdrachtDC.BetaalopdrachtDCProjector,1591c4f35bb34cd3afdde3764d371fe8,Betaling.BetalingAggregateRoot,Betaling.Sync_Event
"Jun 1, 2021 @ 09:07:19.361",Event,UitgaandeBetalingAfletteren.UitgaandeBetalingAfletterenProjector,1591c4f35bb34cd3afdde3764d371fe8,Betaling.BetalingAggregateRoot,Betaling.Sync_Event
"Jun 1, 2021 @ 09:07:19.361",Event,BusinessActivityApi.InkoopfactuurBetalingChainProjector,1591c4f35bb34cd3afdde3764d371fe8,Betaling.BetalingAggregateRoot,Betaling.BetalingUpdatedEvent
"Jun 1, 2021 @ 09:07:19.361",Event,BusinessActivityApi.DividenduitkeringBetalingChainProjector,1591c4f35bb34cd3afdde3764d371fe8,Betaling.BetalingAggregateRoot,Betaling.BetalingUpdatedEvent
"Jun 1, 2021 @ 09:07:19.361",Event,ChainTest.ChainTestProjector,1591c4f35bb34cd3afdde3764d371fe8,Betaling.BetalingAggregateRoot,Betaling.Sync_Event
"Jun 1, 2021 @ 09:07:19.361",Event,Betaling.BetalingProjector,1591c4f35bb34cd3afdde3764d371fe8,Betaling.BetalingAggregateRoot,Betaling.BetalingUpdatedEvent
"Jun 1, 2021 @ 09:07:19.361",Event,BetalingCollectDC.BetalingCollectDCProjector,1591c4f35bb34cd3afdde3764d371fe8,Betaling.BetalingAggregateRoot,Betaling.Sync_Event
"Jun 1, 2021 @ 09:07:19.361",Event,BusinessActivityApi.BtwAfdrachtBetalingChainProjector,1591c4f35bb34cd3afdde3764d371fe8,Betaling.BetalingAggregateRoot,Betaling.BetalingUpdatedEvent
"Jun 1, 2021 @ 09:07:19.360",Event,Reconciliation.bankmutatie_betalingProjector,1591c4f35bb34cd3afdde3764d371fe8,Betaling.BetalingAggregateRoot,Betaling.Sync_Event
"Jun 1, 2021 @ 09:07:19.355",Event,Betaling.BetalingProcessRouter,1591c4f35bb34cd3afdde3764d371fe8,BusinessActivityApi.InkoopfactuurBetalingChainProjector,Betaling.BetalingFreezeRequestedEvent
"Jun 1, 2021 @ 09:07:19.347",Event,BusinessActivityApi.InkoopfactuurBetalingChainProjector,1591c4f35bb34cd3afdde3764d371fe8,BusinessActivityApi.InkoopfactuurBetalingChainProjector,BusinessActivityApi.InkoopfactuurBetalingSaveStateEvent
"Jun 1, 2021 @ 09:07:19.347",Event,BusinessActivityApi.InkoopfactuurBetalingChainProjector,1591c4f35bb34cd3afdde3764d371fe8,BusinessActivityApi.InkoopfactuurBetalingChainProjector,BusinessActivityApi.InkoopfactuurBetalingSaveStateEvent
"Jun 1, 2021 @ 09:07:19.329",Event,BusinessActivityApi.InkoopfactuurBetalingChainProjector,1591c4f35bb34cd3afdde3764d371fe8,Betaling.BetalingAggregateRoot,InkoopfactuurBetalingChain#BetalingRequestSucceededEvent
"Jun 1, 2021 @ 09:07:19.320",Event,ChainTest.ChainTestProjector,1591c4f35bb34cd3afdde3764d371fe8,BusinessActivityApi.InkoopfactuurBetalingChainProjector,BusinessActivityApi.InkoopfactuurBetalingSyncEvent
"Jun 1, 2021 @ 09:07:19.313",Event,BusinessActivityApi.DividenduitkeringBetalingChainProjector,1591c4f35bb34cd3afdde3764d371fe8,Betaling.BetalingAggregateRoot,Betaling.BetalingUpdatedEvent
"Jun 1, 2021 @ 09:07:19.313",Event,Betaling.BetalingProjector,1591c4f35bb34cd3afdde3764d371fe8,Betaling.BetalingAggregateRoot,Betaling.BetalingUpdatedEvent
"Jun 1, 2021 @ 09:07:19.313",Event,BusinessActivityApi.InkoopfactuurBetalingChainProjector,1591c4f35bb34cd3afdde3764d371fe8,Betaling.BetalingAggregateRoot,Betaling.BetalingUpdatedEvent
"Jun 1, 2021 @ 09:07:19.312",Event,BusinessActivityApi.BtwAfdrachtBetalingChainProjector,1591c4f35bb34cd3afdde3764d371fe8,Betaling.BetalingAggregateRoot,Betaling.BetalingUpdatedEvent
"Jun 1, 2021 @ 09:07:19.297",Event,UitgaandeBetalingAfletteren.UitgaandeBetalingAfletterenProjector,1591c4f35bb34cd3afdde3764d371fe8,Betaling.BetalingAggregateRoot,Betaling.Sync_Event
"Jun 1, 2021 @ 09:07:19.297",Event,ChainTest.ChainTestProjector,1591c4f35bb34cd3afdde3764d371fe8,Betaling.BetalingAggregateRoot,Betaling.Sync_Event
"Jun 1, 2021 @ 09:07:19.297",Event,Reconciliation.bankmutatie_betalingProjector,1591c4f35bb34cd3afdde3764d371fe8,Betaling.BetalingAggregateRoot,Betaling.Sync_Event
"Jun 1, 2021 @ 09:07:19.297",Event,BetaalopdrachtDC.BetaalopdrachtDCProjector,1591c4f35bb34cd3afdde3764d371fe8,Betaling.BetalingAggregateRoot,Betaling.Sync_Event
"Jun 1, 2021 @ 09:07:19.297",Event,BetalingCollectDC.BetalingCollectDCProjector,1591c4f35bb34cd3afdde3764d371fe8,Betaling.BetalingAggregateRoot,Betaling.Sync_Event
"Jun 1, 2021 @ 09:07:19.286",Event,Betaling.BetalingProcessRouter,1591c4f35bb34cd3afdde3764d371fe8,InputBetaling.InputBetalingProjector,Betaling.UpdateBetalingRequestedEvent
"Jun 1, 2021 @ 09:07:19.282",Event,InputBetaling.InputBetalingProjector,1591c4f35bb34cd3afdde3764d371fe8,InputBetaling.InputBetalingAggregateRoot,InputBetaling.InputBetalingUpdatedEvent
"Jun 1, 2021 @ 09:07:19.282",Event,ChainTest.ChainTestProjector,1591c4f35bb34cd3afdde3764d371fe8,BusinessActivityApi.InkoopfactuurBetalingChainProjector,BusinessActivityApi.InkoopfactuurBetalingSyncEvent
"Jun 1, 2021 @ 09:07:19.282",Event,BusinessActivityApi.InkoopfactuurBetalingChainProjector,1591c4f35bb34cd3afdde3764d371fe8,BusinessActivityApi.InkoopfactuurBetalingChainProjector,BusinessActivityApi.InkoopfactuurBetalingSaveStateEvent
"Jun 1, 2021 @ 09:07:19.272",Event,ChainTest.ChainTestProjector,1591c4f35bb34cd3afdde3764d371fe8,BusinessActivityApi.InkoopfactuurBetalingChainProjector,BusinessActivityApi.InkoopfactuurBetalingSyncEvent
"Jun 1, 2021 @ 09:07:19.272",Event,InputBetaling.InputBetalingProcessRouter,1591c4f35bb34cd3afdde3764d371fe8,BusinessActivityApi.InkoopfactuurBetalingChainProjector,InputBetaling.InputBetalingUpdateRequestedEvent
"Jun 1, 2021 @ 09:07:19.272",Event,BusinessActivityApi.InkoopfactuurBetalingChainProjector,1591c4f35bb34cd3afdde3764d371fe8,Inkoopfactuur.InkoopfactuurAggregateRoot,Inkoopfactuur.InkoopfactuurDoneEvent
"Jun 1, 2021 @ 09:07:19.264",Event,Inkoopfactuur.InkoopfactuurProjector,1591c4f35bb34cd3afdde3764d371fe8,Inkoopfactuur.InkoopfactuurAggregateRoot,Inkoopfactuur.InkoopfactuurDoneEvent
"Jun 1, 2021 @ 09:07:19.251",Event,InputInkoopfactuur.InputInkoopfactuurProjector,1591c4f35bb34cd3afdde3764d371fe8,InputInkoopfactuur.InputInkoopfactuurAggregateRoot,InputInkoopfactuur.InputInkoopfactuurDiscardedEvent
"Jun 1, 2021 @ 09:07:19.240",Event,Inkoopfactuur.InkoopfactuurProjector,1591c4f35bb34cd3afdde3764d371fe8,Inkoopfactuur.InkoopfactuurAggregateRoot,Inkoopfactuur.InkoopfactuurUpdatedEvent
"Jun 1, 2021 @ 09:07:19.240",Event,BusinessActivityApi.InkoopfactuurBetalingChainProjector,1591c4f35bb34cd3afdde3764d371fe8,Inkoopfactuur.InkoopfactuurAggregateRoot,Inkoopfactuur.InkoopfactuurUpdatedEvent
"Jun 1, 2021 @ 09:07:19.240",Event,Dossier.DossierProjector,1591c4f35bb34cd3afdde3764d371fe8,Inkoopfactuur.InkoopfactuurAggregateRoot,Dossier.NieuwDossier_Event
"Jun 1, 2021 @ 09:07:19.240",Event,Dossier.DossierProjector,1591c4f35bb34cd3afdde3764d371fe8,Inkoopfactuur.InkoopfactuurAggregateRoot,Dossier.NieuwDossier_Event
"Jun 1, 2021 @ 09:07:19.239",Event,InputInkoopfactuur.InputInkoopfactuurProcessRouter,1591c4f35bb34cd3afdde3764d371fe8,Inkoopfactuur.InkoopfactuurAggregateRoot,InputInkoopfactuur.DiscardInputInkoopfactuurRequestedEvent
"Jun 1, 2021 @ 09:07:19.239",Event,Dossier.DossierProjector,1591c4f35bb34cd3afdde3764d371fe8,Inkoopfactuur.InkoopfactuurAggregateRoot,Dossier.NieuwDossier_Event
"Jun 1, 2021 @ 09:07:19.232",Event,ChainTest.ChainTestProjector,1591c4f35bb34cd3afdde3764d371fe8,Inkoopfactuur.InkoopfactuurAggregateRoot,Inkoopfactuur.EndSync_Event
"Jun 1, 2021 @ 09:07:19.231",Event,ChainTest.ChainTestProjector,1591c4f35bb34cd3afdde3764d371fe8,Inkoopfactuur.InkoopfactuurAggregateRoot,Inkoopfactuur.Sync_Event
"Jun 1, 2021 @ 09:07:19.227",Event,ChainTest.ChainTestProjector,1591c4f35bb34cd3afdde3764d371fe8,Inkoopfactuur.InkoopfactuurAggregateRoot,Inkoopfactuur.Sync_Event
"Jun 1, 2021 @ 09:07:19.226",Event,Stream.Routing.Projector,1591c4f35bb34cd3afdde3764d371fe8,Inkoopfactuur.InkoopfactuurAggregateRoot,Inkoopfactuur.Sync_Event
"Jun 1, 2021 @ 09:07:19.225",Event,Routing.Projector,1591c4f35bb34cd3afdde3764d371fe8,Inkoopfactuur.InkoopfactuurAggregateRoot,Inkoopfactuur.Sync_Event
"Jun 1, 2021 @ 09:07:19.223",Event,Routing.Projector,1591c4f35bb34cd3afdde3764d371fe8,Inkoopfactuur.InkoopfactuurAggregateRoot,Inkoopfactuur.Sync_Event
"Jun 1, 2021 @ 09:07:19.223",Event,Stream.Routing.Projector,1591c4f35bb34cd3afdde3764d371fe8,Inkoopfactuur.InkoopfactuurAggregateRoot,Inkoopfactuur.Sync_Event
"Jun 1, 2021 @ 09:07:19.222",Event,ChainTest.ChainTestProjector,1591c4f35bb34cd3afdde3764d371fe8,Inkoopfactuur.InkoopfactuurAggregateRoot,Inkoopfactuur.StartSync_Event
"Jun 1, 2021 @ 09:07:05.758",Event,BusinessActivityApi.InkoopfactuurBetalingChainProjector,e839779de4c041fda1b2adc0e5e27015,BusinessActivityApi.InkoopfactuurBetalingChainProjector,BusinessActivityApi.InkoopfactuurBetalingSaveStateEvent
"Jun 1, 2021 @ 09:07:05.756",Event,ChainTest.ChainTestProjector,e839779de4c041fda1b2adc0e5e27015,BusinessActivityApi.InkoopfactuurBetalingChainProjector,BusinessActivityApi.InkoopfactuurBetalingSyncEvent
"Jun 1, 2021 @ 09:07:05.590",Event,BusinessActivityApi.DividenduitkeringBetalingChainProjector,e839779de4c041fda1b2adc0e5e27015,Betaling.BetalingAggregateRoot,Betaling.BetalingInitializedEvent
"Jun 1, 2021 @ 09:07:05.590",Event,BusinessActivityApi.BtwAfdrachtBetalingChainProjector,e839779de4c041fda1b2adc0e5e27015,Betaling.BetalingAggregateRoot,Betaling.BetalingInitializedEvent
"Jun 1, 2021 @ 09:07:05.590",Event,BetalingCollectDC.BetalingCollectDCProjector,e839779de4c041fda1b2adc0e5e27015,Betaling.BetalingAggregateRoot,Betaling.Sync_Event
"Jun 1, 2021 @ 09:07:05.590",Event,ChainTest.ChainTestProjector,e839779de4c041fda1b2adc0e5e27015,Betaling.BetalingAggregateRoot,Betaling.Sync_Event
"Jun 1, 2021 @ 09:07:05.590",Event,BetaalopdrachtDC.BetaalopdrachtDCProjector,e839779de4c041fda1b2adc0e5e27015,Betaling.BetalingAggregateRoot,Betaling.Sync_Event
"Jun 1, 2021 @ 09:07:05.590",Event,UitgaandeBetalingAfletteren.UitgaandeBetalingAfletterenProjector,e839779de4c041fda1b2adc0e5e27015,Betaling.BetalingAggregateRoot,Betaling.Sync_Event
"Jun 1, 2021 @ 09:07:05.590",Event,Betaling.BetalingProjector,e839779de4c041fda1b2adc0e5e27015,Betaling.BetalingAggregateRoot,Betaling.BetalingInitializedEvent
"Jun 1, 2021 @ 09:07:05.590",Event,Reconciliation.bankmutatie_betalingProjector,e839779de4c041fda1b2adc0e5e27015,Betaling.BetalingAggregateRoot,Betaling.Sync_Event
"Jun 1, 2021 @ 09:07:05.590",Event,BusinessActivityApi.InkoopfactuurBetalingChainProjector,e839779de4c041fda1b2adc0e5e27015,Betaling.BetalingAggregateRoot,Betaling.BetalingInitializedEvent
"Jun 1, 2021 @ 09:07:05.525",Event,Betaling.BetalingProcessRouter,e839779de4c041fda1b2adc0e5e27015,InputBetaling.InputBetalingProjector,Betaling.UpdateBetalingRequestedEvent
"Jun 1, 2021 @ 09:07:05.514",Event,InputBetaling.InputBetalingProjector,e839779de4c041fda1b2adc0e5e27015,InputBetaling.InputBetalingAggregateRoot,InputBetaling.InputBetalingDraftCompletedEvent
"Jun 1, 2021 @ 09:07:05.499",Event,InputBetaling.InputBetalingProcessRouter,e839779de4c041fda1b2adc0e5e27015,BusinessActivityApi.InkoopfactuurBetalingChainProjector,InputBetaling.InputBetalingDraftCompleteRequestedEvent
"Jun 1, 2021 @ 09:07:05.499",Event,InputBetaling.InputBetalingProjector,e839779de4c041fda1b2adc0e5e27015,InputBetaling.InputBetalingAggregateRoot,InputBetaling.InputBetalingUpdatedEvent
"Jun 1, 2021 @ 09:07:05.484",Event,InputBetaling.InputBetalingProcessRouter,e839779de4c041fda1b2adc0e5e27015,BusinessActivityApi.InkoopfactuurBetalingChainProjector,InputBetaling.InputBetalingUpdateRequestedEvent
"Jun 1, 2021 @ 09:07:05.430",Event,ChainTest.ChainTestProjector,e839779de4c041fda1b2adc0e5e27015,Inkoopfactuur.InkoopfactuurAggregateRoot,Inkoopfactuur.EndSync_Event
"Jun 1, 2021 @ 09:07:05.428",Event,ChainTest.ChainTestProjector,e839779de4c041fda1b2adc0e5e27015,Inkoopfactuur.InkoopfactuurAggregateRoot,Inkoopfactuur.Sync_Event
"Jun 1, 2021 @ 09:07:05.426",Event,Stream.Routing.Projector,e839779de4c041fda1b2adc0e5e27015,Inkoopfactuur.InkoopfactuurAggregateRoot,Inkoopfactuur.Sync_Event
"Jun 1, 2021 @ 09:07:05.426",Event,ChainTest.ChainTestProjector,e839779de4c041fda1b2adc0e5e27015,Inkoopfactuur.InkoopfactuurAggregateRoot,Inkoopfactuur.Sync_Event
"Jun 1, 2021 @ 09:07:05.425",Event,Routing.Projector,e839779de4c041fda1b2adc0e5e27015,Inkoopfactuur.InkoopfactuurAggregateRoot,Inkoopfactuur.Sync_Event
"Jun 1, 2021 @ 09:07:05.404",Event,Inkoopfactuur.InkoopfactuurProjector,e839779de4c041fda1b2adc0e5e27015,Inkoopfactuur.InkoopfactuurAggregateRoot,Inkoopfactuur.InkoopfactuurCreatedEvent
"Jun 1, 2021 @ 09:07:05.404",Event,BusinessActivityApi.InkoopfactuurBetalingChainProjector,e839779de4c041fda1b2adc0e5e27015,Inkoopfactuur.InkoopfactuurAggregateRoot,Inkoopfactuur.InkoopfactuurCreatedEvent
"Jun 1, 2021 @ 09:07:05.401",Event,ChainTest.ChainTestProjector,e839779de4c041fda1b2adc0e5e27015,Inkoopfactuur.InkoopfactuurAggregateRoot,Inkoopfactuur.StartSync_Event
"Jun 1, 2021 @ 09:07:05.401",Event,Stream.Routing.Projector,e839779de4c041fda1b2adc0e5e27015,Inkoopfactuur.InkoopfactuurAggregateRoot,Inkoopfactuur.Sync_Event
"Jun 1, 2021 @ 09:07:05.400",Event,Routing.Projector,e839779de4c041fda1b2adc0e5e27015,Inkoopfactuur.InkoopfactuurAggregateRoot,Inkoopfactuur.Sync_Event
"Jun 1, 2021 @ 09:07:05.072",Event,Inkoopfactuur.InkoopfactuurProcessRouter,e839779de4c041fda1b2adc0e5e27015,InputInkoopfactuur.InputInkoopfactuurProjector,Inkoopfactuur.UpdateInkoopfactuurRequestedEvent
"Jun 1, 2021 @ 09:07:05.050",Event,InputInkoopfactuur.InputInkoopfactuurProjector,e839779de4c041fda1b2adc0e5e27015,InputInkoopfactuur.InputInkoopfactuurAggregateRoot,InputInkoopfactuur.InputInkoopfactuurDraftCompletedEvent
"Jun 1, 2021 @ 09:07:05.008",Event,InputInkoopfactuur.InputInkoopfactuurProjector,a9c29af30f8c4cffbf3120d1dc7830e2,InputInkoopfactuur.InputInkoopfactuurAggregateRoot,InputInkoopfactuur.InputInkoopfactuurReadyEvent
"Jun 1, 2021 @ 09:07:05.007",Event,InputInkoopfactuur.InputInkoopfactuurProjector,a9c29af30f8c4cffbf3120d1dc7830e2,InputInkoopfactuur.InputInkoopfactuurAggregateRoot,InputInkoopfactuur.InputInkoopfactuurChildUpdatedEvent
"Jun 1, 2021 @ 09:07:05.006",Event,InputInkoopfactuur.InputInkoopfactuurProjector,a9c29af30f8c4cffbf3120d1dc7830e2,InputInkoopfactuur.InputInkoopfactuurAggregateRoot,InputInkoopfactuur.InputInkoopfactuurChildUpdatedEvent
"Jun 1, 2021 @ 09:07:05.004",Event,InputInkoopfactuur.InputInkoopfactuurProjector,a9c29af30f8c4cffbf3120d1dc7830e2,InputInkoopfactuur.InputInkoopfactuurAggregateRoot,InputInkoopfactuur.InputInkoopfactuurUpdatedEvent
"Jun 1, 2021 @ 09:07:04.999",Event,InputBetaling.InputBetalingProjector,a9c29af30f8c4cffbf3120d1dc7830e2,InputBetaling.InputBetalingAggregateRoot,InputBetaling.InputBetalingUpdatedEvent
"Jun 1, 2021 @ 09:07:01.324",Event,InputInkoopfactuur.InputInkoopfactuurProjector,5e99a04bc8204f90820a6b326bc7226b,InputInkoopfactuur.InputInkoopfactuurAggregateRoot,InputInkoopfactuur.InputInkoopfactuurReadyEvent
"Jun 1, 2021 @ 09:07:01.313",Event,InputInkoopfactuur.InputInkoopfactuurProjector,5e99a04bc8204f90820a6b326bc7226b,InputInkoopfactuur.InputInkoopfactuurAggregateRoot,InputInkoopfactuur.InputInkoopfactuurChildUpdatedEvent
"Jun 1, 2021 @ 09:07:01.293",Event,InputInkoopfactuur.InputInkoopfactuurProjector,5e99a04bc8204f90820a6b326bc7226b,InputInkoopfactuur.InputInkoopfactuurAggregateRoot,InputInkoopfactuur.InputInkoopfactuurChildUpdatedEvent
"Jun 1, 2021 @ 09:07:01.272",Event,InputInkoopfactuur.InputInkoopfactuurProjector,5e99a04bc8204f90820a6b326bc7226b,InputInkoopfactuur.InputInkoopfactuurAggregateRoot,InputInkoopfactuur.InputInkoopfactuurUpdatedEvent
"Jun 1, 2021 @ 09:07:01.232",Event,InputBetaling.InputBetalingProjector,5e99a04bc8204f90820a6b326bc7226b,InputBetaling.InputBetalingAggregateRoot,InputBetaling.InputBetalingUpdatedEvent
"Jun 1, 2021 @ 09:06:03.491",Event,InputInkoopfactuur.InputInkoopfactuurProjector,c0b906d8707d4ca5bb329c5450a33a92,InputInkoopfactuur.InputInkoopfactuurAggregateRoot,InputInkoopfactuur.InputInkoopfactuurDraftCreatedEvent
"Jun 1, 2021 @ 09:06:03.470",Event,InputBetaling.InputBetalingProjector,c0b906d8707d4ca5bb329c5450a33a92,InputBetaling.InputBetalingAggregateRoot,InputBetaling.InputBetalingDraftCreatedEvent
"Jun 1, 2021 @ 09:03:57.829",Event,InputInkoopfactuur.InputInkoopfactuurProjector,0128514aefe34b1d88b35fe281e4c769,Settings.Inkoopfactuur_Inkoopproduct_PrcntgVrhgngBdrgInclSyncProjector,Settings.Inkoopfactuur_Inkoopproduct_PrcntgVrhgngBdrgInclGewijzigdEvent
"Jun 1, 2021 @ 09:03:57.828",Event,Settings.Inkoopfactuur_Inkoopproduct_PrijsSyncProjector,0128514aefe34b1d88b35fe281e4c769,Settings.Inkoopfactuur_Inkoopproduct_PrijsProcessingProjector,Settings.Inkoopfactuur_Inkoopproduct_PrijsApplyEndEvent
"Jun 1, 2021 @ 09:03:57.828",Event,InputInkoopfactuur.InputInkoopfactuurProjector,0128514aefe34b1d88b35fe281e4c769,Settings.Inkoopfactuur_Inkoopproduct_PrijsSyncProjector,Settings.Inkoopfactuur_Inkoopproduct_PrijsGewijzigdEvent
"Jun 1, 2021 @ 09:03:57.828",Event,Settings.Inkoopfactuur_Inkoopproduct_PrcntgVrhgngBdrgInclSyncProjector,0128514aefe34b1d88b35fe281e4c769,Settings.Inkoopfactuur_Inkoopproduct_PrcntgVrhgngBdrgInclProcessingProjector,Settings.Inkoopfactuur_Inkoopproduct_PrcntgVrhgngBdrgInclApplyEndEvent
"Jun 1, 2021 @ 09:03:57.827",Event,Settings.Inkoopfactuur_Inkoopproduct_PrcntgVrhgngBdrgInclSyncProjector,0128514aefe34b1d88b35fe281e4c769,Settings.Inkoopfactuur_Inkoopproduct_PrcntgVrhgngBdrgInclProcessingProjector,Settings.Inkoopfactuur_Inkoopproduct_PrcntgVrhgngBdrgInclApplyEvent
"Jun 1, 2021 @ 09:03:57.826",Event,Settings.Inkoopfactuur_Inkoopproduct_PrcntgVrhgngBdrgInclSyncProjector,0128514aefe34b1d88b35fe281e4c769,Settings.Inkoopfactuur_Inkoopproduct_PrcntgVrhgngBdrgInclProcessingProjector,Settings.Inkoopfactuur_Inkoopproduct_PrcntgVrhgngBdrgInclApplyStartEvent
"Jun 1, 2021 @ 09:03:57.826",Event,PlayerGoedRollen.PlayerGoedRollenProjector,0128514aefe34b1d88b35fe281e4c769,Inkoopproduct.InkoopproductProcessManager,Inkoopproduct.Sync_Event
"Jun 1, 2021 @ 09:03:57.826",Event,Settings.Inkoopfactuur_Inkoopproduct_PrcntgVrhgngBdrgInclViewProjector,0128514aefe34b1d88b35fe281e4c769,Settings.Inkoopfactuur_Inkoopproduct_PrcntgVrhgngBdrgInclProcessingProjector,Settings.Inkoopfactuur_Inkoopproduct_PrcntgVrhgngBdrgInclApplyEvent
"Jun 1, 2021 @ 09:03:57.826",Event,Settings.Inkoopfactuur_Inkoopproduct_PrcntgVrhgngBdrgInclProcessingProjector,0128514aefe34b1d88b35fe281e4c769,Inkoopproduct.InkoopproductProcessManager,Inkoopproduct.Sync_Event
"Jun 1, 2021 @ 09:03:57.826",Event,InputInkoopfactuur.InputInkoopfactuurProjector,0128514aefe34b1d88b35fe281e4c769,Inkoopproduct.InkoopproductProcessManager,Inkoopproduct.Sync_Event
"Jun 1, 2021 @ 09:03:57.826",Event,Settings.Inkoopfactuur_Inkoopproduct_PrijsSyncProjector,0128514aefe34b1d88b35fe281e4c769,Settings.Inkoopfactuur_Inkoopproduct_PrijsProcessingProjector,Settings.Inkoopfactuur_Inkoopproduct_PrijsApplyEvent
"Jun 1, 2021 @ 09:03:57.826",Event,Gs.ViewProjector,0128514aefe34b1d88b35fe281e4c769,Inkoopproduct.InkoopproductProcessManager,Inkoopproduct.Sync_Event
"Jun 1, 2021 @ 09:03:57.826",Event,Settings.Inkoopfactuur_Inkoopproduct_PrijsProcessingProjector,0128514aefe34b1d88b35fe281e4c769,Inkoopproduct.InkoopproductProcessManager,Inkoopproduct.Sync_Event
"Jun 1, 2021 @ 09:03:57.826",Event,Inkoopfactuur.InkoopfactuurProjector,0128514aefe34b1d88b35fe281e4c769,Inkoopproduct.InkoopproductProcessManager,Inkoopproduct.Sync_Event
"Jun 1, 2021 @ 09:03:57.825",Event,Settings.Inkoopfactuur_Inkoopproduct_PrijsSyncProjector,0128514aefe34b1d88b35fe281e4c769,Settings.Inkoopfactuur_Inkoopproduct_PrijsProcessingProjector,Settings.Inkoopfactuur_Inkoopproduct_PrijsApplyStartEvent
"Jun 1, 2021 @ 09:03:57.825",Event,Settings.Inkoopfactuur_Inkoopproduct_PrijsViewProjector,0128514aefe34b1d88b35fe281e4c769,Settings.Inkoopfactuur_Inkoopproduct_PrijsProcessingProjector,Settings.Inkoopfactuur_Inkoopproduct_PrijsApplyEvent
"Jun 1, 2021 @ 09:03:57.824",Event,Inkoopproduct.InkoopproductSyncRouter,0128514aefe34b1d88b35fe281e4c769,Inkoopproduct.InkoopproductAggregateRoot,Inkoopproduct.InkoopproductChanged_Event
"Jun 1, 2021 @ 09:03:57.824",Event,Inkoopproduct.InkoopproductProjector,0128514aefe34b1d88b35fe281e4c769,Inkoopproduct.InkoopproductAggregateRoot,Inkoopproduct.InkoopproductChanged_Event
"Jun 1, 2021 @ 09:03:57.823",Event,Inkoopproduct.InkoopproductRouter,0128514aefe34b1d88b35fe281e4c769,GoedRollen.GoedRollenAggregateRoot,Inkoopproduct.GoedRollenChangedForInkoopproduct_Event
"Jun 1, 2021 @ 09:03:57.823",Event,PlayerGoedRollen.PlayerGoedRollenProjector,0128514aefe34b1d88b35fe281e4c769,GoedRollen.GoedRollenAggregateRoot,GoedRollen.GoedRollenPlayerApply_Event
"Jun 1, 2021 @ 09:03:57.822",Event,FactuurRegelsDC.FactuurRegelsDCProjector,0128514aefe34b1d88b35fe281e4c769,Goed.GoedProcessManager,Goed.Sync_Event
"Jun 1, 2021 @ 09:03:57.822",Event,Inkoopfactuur.InkoopfactuurProjector,0128514aefe34b1d88b35fe281e4c769,Inkoopproduct.InkoopproductProcessManager,Inkoopproduct.Sync_Event
"Jun 1, 2021 @ 09:03:57.822",Event,InputInkoopfactuur.InputInkoopfactuurProjector,0128514aefe34b1d88b35fe281e4c769,Inkoopproduct.InkoopproductProcessManager,Inkoopproduct.Sync_Event
"Jun 1, 2021 @ 09:03:57.822",Event,GoedRollen.GoedRollenRouter,0128514aefe34b1d88b35fe281e4c769,Goed.GoedProcessManager,Goed.Sync_Event
"Jun 1, 2021 @ 09:03:57.822",Event,Settings.Inkoopfactuur_Inkoopproduct_PrcntgVrhgngBdrgInclProcessingProjector,0128514aefe34b1d88b35fe281e4c769,Inkoopproduct.InkoopproductProcessManager,Inkoopproduct.Sync_Event
"Jun 1, 2021 @ 09:03:57.822",Event,SetVanGoederen.SetVanGoederenProjector,0128514aefe34b1d88b35fe281e4c769,Goed.GoedProcessManager,Goed.Sync_Event
"Jun 1, 2021 @ 09:03:57.822",Event,Settings.Inkoopfactuur_Inkoopproduct_PrijsProcessingProjector,0128514aefe34b1d88b35fe281e4c769,Inkoopproduct.InkoopproductProcessManager,Inkoopproduct.Sync_Event
"Jun 1, 2021 @ 09:03:57.822",Event,Spotlight.SpotlightProjector,0128514aefe34b1d88b35fe281e4c769,Goed.GoedProcessManager,Goed.Sync_Event
"Jun 1, 2021 @ 09:03:57.822",Event,PlayerGoedRollen.PlayerGoedRollenProjector,0128514aefe34b1d88b35fe281e4c769,Inkoopproduct.InkoopproductProcessManager,Inkoopproduct.Sync_Event
"Jun 1, 2021 @ 09:03:57.822",Event,Gs.ViewProjector,0128514aefe34b1d88b35fe281e4c769,Inkoopproduct.InkoopproductProcessManager,Inkoopproduct.Sync_Event
"Jun 1, 2021 @ 09:03:57.821",Event,VerkoopfactuurFormaten.VerkoopfactuurFormatenProjector,0128514aefe34b1d88b35fe281e4c769,Goed.GoedProcessManager,Goed.Sync_Event
"Jun 1, 2021 @ 09:03:57.815",Event,Goed.GoedProjector,0128514aefe34b1d88b35fe281e4c769,Goed.GoedAggregateRoot,Goed.GoedAutonumberAssigned_Event
"Jun 1, 2021 @ 09:03:57.815",Event,Inkoopproduct.InkoopproductSyncRouter,0128514aefe34b1d88b35fe281e4c769,Inkoopproduct.InkoopproductAggregateRoot,Inkoopproduct.InkoopproductChanged_Event
"Jun 1, 2021 @ 09:03:57.815",Event,Inkoopproduct.InkoopproductProjector,0128514aefe34b1d88b35fe281e4c769,Inkoopproduct.InkoopproductAggregateRoot,Inkoopproduct.InkoopproductChanged_Event
"Jun 1, 2021 @ 09:03:57.815",Event,Goed.GoedSyncRouter,0128514aefe34b1d88b35fe281e4c769,Goed.GoedAggregateRoot,Goed.GoedAutonumberAssigned_Event
"Jun 1, 2021 @ 09:03:57.815",Event,Signal.SignalProjector,0128514aefe34b1d88b35fe281e4c769,Inkoopproduct.InkoopproductAggregateRoot,Signal.SignalResolved_Event
"Jun 1, 2021 @ 09:03:57.814",Event,Goed.GoedRouter,0128514aefe34b1d88b35fe281e4c769,GoedRollen.GoedRollenAggregateRoot,GoedRollen.GoedBecamePlayer_Event
"Jun 1, 2021 @ 09:03:57.814",Event,Inkoopproduct.InkoopproductRouter,0128514aefe34b1d88b35fe281e4c769,GoedRollen.GoedRollenAggregateRoot,Inkoopproduct.GoedRollenCreatedForInkoopproduct_Event
"Jun 1, 2021 @ 09:03:57.814",Event,PlayerGoedRollen.PlayerGoedRollenProjector,0128514aefe34b1d88b35fe281e4c769,GoedRollen.GoedRollenAggregateRoot,GoedRollen.GoedRollenApply_Event
"Jun 1, 2021 @ 09:03:57.810",Event,InputInkoopfactuur.InputInkoopfactuurProjector,3bbd9c11b9e446ffb9be0503b4a08d90,Settings.Inkoopfactuur_Inkoopproduct_PrijsSyncProjector,Settings.Inkoopfactuur_Inkoopproduct_PrijsGewijzigdEvent
"Jun 1, 2021 @ 09:03:57.809",Event,Settings.Inkoopfactuur_Inkoopproduct_PrijsSyncProjector,3bbd9c11b9e446ffb9be0503b4a08d90,Settings.Inkoopfactuur_Inkoopproduct_PrijsProcessingProjector,Settings.Inkoopfactuur_Inkoopproduct_PrijsApplyEndEvent
"Jun 1, 2021 @ 09:03:57.808",Event,Settings.Inkoopfactuur_Inkoopproduct_PrijsSyncProjector,3bbd9c11b9e446ffb9be0503b4a08d90,Settings.Inkoopfactuur_Inkoopproduct_PrijsProcessingProjector,Settings.Inkoopfactuur_Inkoopproduct_PrijsApplyEvent
"Jun 1, 2021 @ 09:03:57.808",Event,InputInkoopfactuur.InputInkoopfactuurProjector,b9c63505122d488eaccd2a11052faa93,Settings.Inkoopfactuur_Inkoopproduct_PrcntgVrhgngBdrgInclSyncProjector,Settings.Inkoopfactuur_Inkoopproduct_PrcntgVrhgngBdrgInclGewijzigdEvent
"Jun 1, 2021 @ 09:03:57.807",Event,Settings.Inkoopfactuur_Inkoopproduct_PrijsSyncProjector,3bbd9c11b9e446ffb9be0503b4a08d90,Settings.Inkoopfactuur_Inkoopproduct_PrijsProcessingProjector,Settings.Inkoopfactuur_Inkoopproduct_PrijsApplyStartEvent
"Jun 1, 2021 @ 09:03:57.807",Event,Settings.Inkoopfactuur_Inkoopproduct_PrijsViewProjector,3bbd9c11b9e446ffb9be0503b4a08d90,Settings.Inkoopfactuur_Inkoopproduct_PrijsProcessingProjector,Settings.Inkoopfactuur_Inkoopproduct_PrijsApplyEvent
"Jun 1, 2021 @ 09:03:57.807",Event,Signal.SignalProjector,3bbd9c11b9e446ffb9be0503b4a08d90,Settings.Inkoopfactuur_Inkoopproduct_PrijsProcessingProjector,Signal.SignalResolved_Event
"Jun 1, 2021 @ 09:03:57.807",Event,Settings.Inkoopfactuur_Inkoopproduct_PrcntgVrhgngBdrgInclSyncProjector,b9c63505122d488eaccd2a11052faa93,Settings.Inkoopfactuur_Inkoopproduct_PrcntgVrhgngBdrgInclProcessingProjector,Settings.Inkoopfactuur_Inkoopproduct_PrcntgVrhgngBdrgInclApplyEndEvent
"Jun 1, 2021 @ 09:03:57.806",Event,Settings.Inkoopfactuur_Inkoopproduct_PrijsProcessingProjector,3bbd9c11b9e446ffb9be0503b4a08d90,Settings.Inkoopfactuur_Inkoopproduct_PrijsAggregateRoot,Settings.Inkoopfactuur_Inkoopproduct_PrijsEvent
"Jun 1, 2021 @ 09:03:57.806",Event,Signal.SignalProjector,b9c63505122d488eaccd2a11052faa93,Settings.Inkoopfactuur_Inkoopproduct_PrcntgVrhgngBdrgInclProcessingProjector,Signal.SignalResolved_Event
"Jun 1, 2021 @ 09:03:57.806",Event,Inkoopproduct.InkoopproductProjector,0128514aefe34b1d88b35fe281e4c769,Inkoopproduct.InkoopproductAggregateRoot,Inkoopproduct.InkoopproductCreated_Event
"Jun 1, 2021 @ 09:03:57.806",Event,Settings.Inkoopfactuur_Inkoopproduct_PrcntgVrhgngBdrgInclSyncProjector,b9c63505122d488eaccd2a11052faa93,Settings.Inkoopfactuur_Inkoopproduct_PrcntgVrhgngBdrgInclProcessingProjector,Settings.Inkoopfactuur_Inkoopproduct_PrcntgVrhgngBdrgInclApplyEvent
"Jun 1, 2021 @ 09:03:57.806",Event,Settings.Inkoopfactuur_Inkoopproduct_PrcntgVrhgngBdrgInclSyncProjector,b9c63505122d488eaccd2a11052faa93,Settings.Inkoopfactuur_Inkoopproduct_PrcntgVrhgngBdrgInclProcessingProjector,Settings.Inkoopfactuur_Inkoopproduct_PrcntgVrhgngBdrgInclApplyStartEvent
"Jun 1, 2021 @ 09:03:57.806",Event,Inkoopproduct.InkoopproductSyncRouter,0128514aefe34b1d88b35fe281e4c769,Inkoopproduct.InkoopproductAggregateRoot,Inkoopproduct.InkoopproductCreated_Event
"Jun 1, 2021 @ 09:03:57.806",Event,Settings.Inkoopfactuur_Inkoopproduct_PrcntgVrhgngBdrgInclViewProjector,b9c63505122d488eaccd2a11052faa93,Settings.Inkoopfactuur_Inkoopproduct_PrcntgVrhgngBdrgInclProcessingProjector,Settings.Inkoopfactuur_Inkoopproduct_PrcntgVrhgngBdrgInclApplyEvent
"Jun 1, 2021 @ 09:03:57.806",Event,GoedRollen.GoedRollenRouter,0128514aefe34b1d88b35fe281e4c769,Inkoopproduct.InkoopproductAggregateRoot,Inkoopproduct.InkoopproductCreatedForGoedRollen_Event
"Jun 1, 2021 @ 09:03:57.805",Event,Settings.Inkoopfactuur_Inkoopproduct_PrcntgVrhgngBdrgInclProcessingProjector,b9c63505122d488eaccd2a11052faa93,Settings.Inkoopfactuur_Inkoopproduct_PrcntgVrhgngBdrgInclAggregateRoot,Settings.Inkoopfactuur_Inkoopproduct_PrcntgVrhgngBdrgInclEvent
"Jun 1, 2021 @ 09:03:57.801",Event,PlayerGoedRollen.PlayerGoedRollenProjector,5620930142b3487aa2da0a13e2bbbd6e,GoedRollen.GoedRollenAggregateRoot,GoedRollen.GoedRollenPlayerApply_Event
"Jun 1, 2021 @ 09:03:57.783",Event,SetVanGoederen.SetVanGoederenProjector,5620930142b3487aa2da0a13e2bbbd6e,Goed.GoedProcessManager,Goed.Sync_Event
"Jun 1, 2021 @ 09:03:57.783",Event,FactuurRegelsDC.FactuurRegelsDCProjector,5620930142b3487aa2da0a13e2bbbd6e,Goed.GoedProcessManager,Goed.Sync_Event
"Jun 1, 2021 @ 09:03:57.783",Event,GoedRollen.GoedRollenRouter,5620930142b3487aa2da0a13e2bbbd6e,Goed.GoedProcessManager,Goed.Sync_Event
"Jun 1, 2021 @ 09:03:57.782",Event,Spotlight.SpotlightProjector,5620930142b3487aa2da0a13e2bbbd6e,Goed.GoedProcessManager,Goed.Sync_Event
"Jun 1, 2021 @ 09:03:57.782",Event,VerkoopfactuurFormaten.VerkoopfactuurFormatenProjector,5620930142b3487aa2da0a13e2bbbd6e,Goed.GoedProcessManager,Goed.Sync_Event
"Jun 1, 2021 @ 09:03:57.779",Event,Goed.GoedProjector,5620930142b3487aa2da0a13e2bbbd6e,Goed.GoedAggregateRoot,Goed.GoedCreated_Event
"Jun 1, 2021 @ 09:03:57.779",Event,Goed.GoedSyncRouter,5620930142b3487aa2da0a13e2bbbd6e,Goed.GoedAggregateRoot,Goed.GoedCreated_Event
"Jun 1, 2021 @ 09:03:30.413",Event,InputInkoopfactuur.InputInkoopfactuurProjector,0fba7175720547a594784803b4a6b735,Settings.Inkoopfactuur_Inkoopproduct_PrijsSyncProjector,Settings.Inkoopfactuur_Inkoopproduct_PrijsGewijzigdEvent
"Jun 1, 2021 @ 09:03:30.411",Event,InputInkoopfactuur.InputInkoopfactuurProjector,0fba7175720547a594784803b4a6b735,Settings.Inkoopfactuur_Inkoopproduct_PrcntgVrhgngBdrgInclSyncProjector,Settings.Inkoopfactuur_Inkoopproduct_PrcntgVrhgngBdrgInclGewijzigdEvent
"Jun 1, 2021 @ 09:03:30.411",Event,Settings.Inkoopfactuur_Inkoopproduct_PrijsSyncProjector,0fba7175720547a594784803b4a6b735,Settings.Inkoopfactuur_Inkoopproduct_PrijsProcessingProjector,Settings.Inkoopfactuur_Inkoopproduct_PrijsApplyEndEvent
"Jun 1, 2021 @ 09:03:30.410",Event,Settings.Inkoopfactuur_Inkoopproduct_PrijsSyncProjector,0fba7175720547a594784803b4a6b735,Settings.Inkoopfactuur_Inkoopproduct_PrijsProcessingProjector,Settings.Inkoopfactuur_Inkoopproduct_PrijsApplyEvent
"Jun 1, 2021 @ 09:03:30.410",Event,Settings.Inkoopfactuur_Inkoopproduct_PrcntgVrhgngBdrgInclSyncProjector,0fba7175720547a594784803b4a6b735,Settings.Inkoopfactuur_Inkoopproduct_PrcntgVrhgngBdrgInclProcessingProjector,Settings.Inkoopfactuur_Inkoopproduct_PrcntgVrhgngBdrgInclApplyEndEvent
"Jun 1, 2021 @ 09:03:30.409",Event,Settings.Inkoopfactuur_Inkoopproduct_PrcntgVrhgngBdrgInclSyncProjector,0fba7175720547a594784803b4a6b735,Settings.Inkoopfactuur_Inkoopproduct_PrcntgVrhgngBdrgInclProcessingProjector,Settings.Inkoopfactuur_Inkoopproduct_PrcntgVrhgngBdrgInclApplyEvent
"Jun 1, 2021 @ 09:03:30.408",Event,Settings.Inkoopfactuur_Inkoopproduct_PrcntgVrhgngBdrgInclSyncProjector,0fba7175720547a594784803b4a6b735,Settings.Inkoopfactuur_Inkoopproduct_PrcntgVrhgngBdrgInclProcessingProjector,Settings.Inkoopfactuur_Inkoopproduct_PrcntgVrhgngBdrgInclApplyStartEvent
"Jun 1, 2021 @ 09:03:30.408",Event,Settings.Inkoopfactuur_Inkoopproduct_PrijsSyncProjector,0fba7175720547a594784803b4a6b735,Settings.Inkoopfactuur_Inkoopproduct_PrijsProcessingProjector,Settings.Inkoopfactuur_Inkoopproduct_PrijsApplyStartEvent
"Jun 1, 2021 @ 09:03:30.408",Event,Settings.Inkoopfactuur_Inkoopproduct_PrcntgVrhgngBdrgInclProcessingProjector,0fba7175720547a594784803b4a6b735,Inkoopproduct.InkoopproductProcessManager,Inkoopproduct.Sync_Event
"Jun 1, 2021 @ 09:03:30.408",Event,Settings.Inkoopfactuur_Inkoopproduct_PrcntgVrhgngBdrgInclViewProjector,0fba7175720547a594784803b4a6b735,Settings.Inkoopfactuur_Inkoopproduct_PrcntgVrhgngBdrgInclProcessingProjector,Settings.Inkoopfactuur_Inkoopproduct_PrcntgVrhgngBdrgInclApplyEvent
"Jun 1, 2021 @ 09:03:30.408",Event,Settings.Inkoopfactuur_Inkoopproduct_PrijsViewProjector,0fba7175720547a594784803b4a6b735,Settings.Inkoopfactuur_Inkoopproduct_PrijsProcessingProjector,Settings.Inkoopfactuur_Inkoopproduct_PrijsApplyEvent
"Jun 1, 2021 @ 09:03:30.408",Event,Settings.Inkoopfactuur_Inkoopproduct_PrijsProcessingProjector,0fba7175720547a594784803b4a6b735,Inkoopproduct.InkoopproductProcessManager,Inkoopproduct.Sync_Event
"Jun 1, 2021 @ 09:03:30.405",Event,InputInkoopfactuur.InputInkoopfactuurProjector,0fba7175720547a594784803b4a6b735,Inkoopproduct.InkoopproductProcessManager,Inkoopproduct.Sync_Event
"Jun 1, 2021 @ 09:03:30.404",Event,Gs.ViewProjector,0fba7175720547a594784803b4a6b735,Inkoopproduct.InkoopproductProcessManager,Inkoopproduct.Sync_Event
"Jun 1, 2021 @ 09:03:30.403",Event,Inkoopfactuur.InkoopfactuurProjector,0fba7175720547a594784803b4a6b735,Inkoopproduct.InkoopproductProcessManager,Inkoopproduct.Sync_Event
"Jun 1, 2021 @ 09:03:30.403",Event,PlayerGoedRollen.PlayerGoedRollenProjector,0fba7175720547a594784803b4a6b735,Inkoopproduct.InkoopproductProcessManager,Inkoopproduct.Sync_Event
"Jun 1, 2021 @ 09:03:30.402",Event,Inkoopproduct.InkoopproductSyncRouter,0fba7175720547a594784803b4a6b735,Inkoopproduct.InkoopproductAggregateRoot,Inkoopproduct.InkoopproductChanged_Event
"Jun 1, 2021 @ 09:03:30.402",Event,Inkoopproduct.InkoopproductProjector,0fba7175720547a594784803b4a6b735,Inkoopproduct.InkoopproductAggregateRoot,Inkoopproduct.InkoopproductChanged_Event
"Jun 1, 2021 @ 09:03:30.402",Event,PlayerGoedRollen.PlayerGoedRollenProjector,0fba7175720547a594784803b4a6b735,GoedRollen.GoedRollenAggregateRoot,GoedRollen.GoedRollenPlayerApply_Event
"Jun 1, 2021 @ 09:03:30.401",Event,Inkoopproduct.InkoopproductRouter,0fba7175720547a594784803b4a6b735,GoedRollen.GoedRollenAggregateRoot,Inkoopproduct.GoedRollenChangedForInkoopproduct_Event
"Jun 1, 2021 @ 09:03:30.401",Event,Gs.ViewProjector,0fba7175720547a594784803b4a6b735,Inkoopproduct.InkoopproductProcessManager,Inkoopproduct.Sync_Event
"Jun 1, 2021 @ 09:03:30.401",Event,InputInkoopfactuur.InputInkoopfactuurProjector,0fba7175720547a594784803b4a6b735,Inkoopproduct.InkoopproductProcessManager,Inkoopproduct.Sync_Event
"Jun 1, 2021 @ 09:03:30.401",Event,Settings.Inkoopfactuur_Inkoopproduct_PrcntgVrhgngBdrgInclProcessingProjector,0fba7175720547a594784803b4a6b735,Inkoopproduct.InkoopproductProcessManager,Inkoopproduct.Sync_Event
"Jun 1, 2021 @ 09:03:30.401",Event,Settings.Inkoopfactuur_Inkoopproduct_PrijsProcessingProjector,0fba7175720547a594784803b4a6b735,Inkoopproduct.InkoopproductProcessManager,Inkoopproduct.Sync_Event
"Jun 1, 2021 @ 09:03:30.401",Event,PlayerGoedRollen.PlayerGoedRollenProjector,0fba7175720547a594784803b4a6b735,Inkoopproduct.InkoopproductProcessManager,Inkoopproduct.Sync_Event
"Jun 1, 2021 @ 09:03:30.401",Event,Inkoopfactuur.InkoopfactuurProjector,0fba7175720547a594784803b4a6b735,Inkoopproduct.InkoopproductProcessManager,Inkoopproduct.Sync_Event
"Jun 1, 2021 @ 09:03:30.388",Event,InputInkoopfactuur.InputInkoopfactuurProjector,373dea436f00408590ae62ce40a92d97,Settings.Inkoopfactuur_Inkoopproduct_PrijsSyncProjector,Settings.Inkoopfactuur_Inkoopproduct_PrijsGewijzigdEvent
"Jun 1, 2021 @ 09:03:30.386",Event,VerkoopfactuurFormaten.VerkoopfactuurFormatenProjector,0fba7175720547a594784803b4a6b735,Goed.GoedProcessManager,Goed.Sync_Event
"Jun 1, 2021 @ 09:03:30.386",Event,FactuurRegelsDC.FactuurRegelsDCProjector,0fba7175720547a594784803b4a6b735,Goed.GoedProcessManager,Goed.Sync_Event
"Jun 1, 2021 @ 09:03:30.386",Event,SetVanGoederen.SetVanGoederenProjector,0fba7175720547a594784803b4a6b735,Goed.GoedProcessManager,Goed.Sync_Event
"Jun 1, 2021 @ 09:03:30.386",Event,GoedRollen.GoedRollenRouter,0fba7175720547a594784803b4a6b735,Goed.GoedProcessManager,Goed.Sync_Event
"Jun 1, 2021 @ 09:03:30.386",Event,Spotlight.SpotlightProjector,0fba7175720547a594784803b4a6b735,Goed.GoedProcessManager,Goed.Sync_Event
"Jun 1, 2021 @ 09:03:30.385",Event,Inkoopproduct.InkoopproductProjector,0fba7175720547a594784803b4a6b735,Inkoopproduct.InkoopproductAggregateRoot,Inkoopproduct.InkoopproductChanged_Event
"Jun 1, 2021 @ 09:03:30.385",Event,Goed.GoedSyncRouter,0fba7175720547a594784803b4a6b735,Goed.GoedAggregateRoot,Goed.GoedAutonumberAssigned_Event
"Jun 1, 2021 @ 09:03:30.385",Event,Goed.GoedProjector,0fba7175720547a594784803b4a6b735,Goed.GoedAggregateRoot,Goed.GoedAutonumberAssigned_Event
"Jun 1, 2021 @ 09:03:30.385",Event,Inkoopproduct.InkoopproductSyncRouter,0fba7175720547a594784803b4a6b735,Inkoopproduct.InkoopproductAggregateRoot,Inkoopproduct.InkoopproductChanged_Event
"Jun 1, 2021 @ 09:03:30.378",Event,InputInkoopfactuur.InputInkoopfactuurProjector,3df1237a598e4dbcab6d6a50af5dc509,Settings.Inkoopfactuur_Inkoopproduct_PrcntgVrhgngBdrgInclSyncProjector,Settings.Inkoopfactuur_Inkoopproduct_PrcntgVrhgngBdrgInclGewijzigdEvent
"Jun 1, 2021 @ 09:03:30.378",Event,Settings.Inkoopfactuur_Inkoopproduct_PrijsSyncProjector,373dea436f00408590ae62ce40a92d97,Settings.Inkoopfactuur_Inkoopproduct_PrijsProcessingProjector,Settings.Inkoopfactuur_Inkoopproduct_PrijsApplyEndEvent
"Jun 1, 2021 @ 09:03:30.378",Event,Settings.Inkoopfactuur_Inkoopproduct_PrcntgVrhgngBdrgInclSyncProjector,3df1237a598e4dbcab6d6a50af5dc509,Settings.Inkoopfactuur_Inkoopproduct_PrcntgVrhgngBdrgInclProcessingProjector,Settings.Inkoopfactuur_Inkoopproduct_PrcntgVrhgngBdrgInclApplyEndEvent
"Jun 1, 2021 @ 09:03:30.369",Event,Signal.SignalProjector,0fba7175720547a594784803b4a6b735,Inkoopproduct.InkoopproductAggregateRoot,Signal.SignalResolved_Event
"Jun 1, 2021 @ 09:03:30.368",Event,PlayerGoedRollen.PlayerGoedRollenProjector,0fba7175720547a594784803b4a6b735,GoedRollen.GoedRollenAggregateRoot,GoedRollen.GoedRollenApply_Event
"Jun 1, 2021 @ 09:03:30.368",Event,Inkoopproduct.InkoopproductRouter,0fba7175720547a594784803b4a6b735,GoedRollen.GoedRollenAggregateRoot,Inkoopproduct.GoedRollenCreatedForInkoopproduct_Event
"Jun 1, 2021 @ 09:03:30.368",Event,Goed.GoedRouter,0fba7175720547a594784803b4a6b735,GoedRollen.GoedRollenAggregateRoot,GoedRollen.GoedBecamePlayer_Event
